Dimension,RFF Real,RFF Real 25,RFF Real 75,Eps = 1.0,Eps = 1.0 25,Eps = 1.0 75,Eps = 2.0,Eps = 2.0 25,Eps = 2.0 75,Eps = 3.0,Eps = 3.0 25,Eps = 3.0 75,Eps = 4.0,Eps = 4.0 25,Eps = 4.0 75,Eps = 5.0,Eps = 5.0 25,Eps = 5.0 75,Original Features
5,0.7858600853590647,0.0067421290282674295,0.0035257005010206344,0.7289540421846972,0.0,0.0,0.7289540421846972,0.0,0.0,0.7289540421846972,0.0,0.0,0.7289540421846972,0.0,0.0,0.7289540421846972,0.0,0.0,0.9978350961835838
10,0.7934681759138987,0.009896703160759635,0.005195769159398678,0.7289540421846972,0.0,0.0,0.7289540421846972,0.0,0.0,0.7289540421846972,0.0,0.0,0.7289540421846972,0.0,0.0,0.7289540421846972,0.0,0.0,0.9978350961835838
15,0.7960660604935981,0.0035257005010206344,0.0030927197377373927,0.7289540421846972,0.0,0.0,0.7289540421846972,0.0,0.0,0.7289540421846972,0.0,0.0,0.7289540421846972,0.0,0.0,0.7289540421846972,0.0,0.0,0.9978350961835838
20,0.801942227995299,0.008721469660419312,0.0035875548957754466,0.7289540421846972,0.0,0.0,0.7289540421846972,0.0,0.0,0.7289540421846972,0.0,0.0,0.7289540421846972,0.0,0.0,0.7289540421846972,0.0,0.0,0.9978350961835838
25,0.8030556071008845,0.003216428527246906,0.0059380218964557585,0.7289540421846972,0.0,0.0,0.7289540421846972,0.0,0.0,0.7289540421846972,0.0,0.0,0.7289540421846972,0.0,0.0,0.7289540421846972,0.0,0.0,0.9978350961835838
