Dimension,RFF Real,RFF Real 25,RFF Real 75,Eps = 1.0,Eps = 1.0 25,Eps = 1.0 75,Eps = 2.0,Eps = 2.0 25,Eps = 2.0 75,Eps = 3.0,Eps = 3.0 25,Eps = 3.0 75,Eps = 4.0,Eps = 4.0 25,Eps = 4.0 75,Eps = 5.0,Eps = 5.0 25,Eps = 5.0 75,Original Features
5,0.8309041501976284,0.005434782608695565,0.01445158102766797,0.7317811264822134,0.007966897233201542,0.0023468379446640597,0.7295578063241107,0.0041996047430830075,0.0029026679841896996,0.7304224308300395,0.008337450592885376,0.0036437747035572565,0.7298666007905138,0.0035820158102766175,0.004508399209486202,0.7314723320158103,0.0035820158102767286,0.0030879446640316166,0.9953680830039525
10,0.8651185770750988,0.009140316205533572,0.005249505928853759,0.7370923913043478,0.0008028656126481959,0.00030879446640319497,0.7371541501976284,0.00018527667984180596,0.000247035573122556,0.737401185770751,0.0005558300395256399,0.0,0.737401185770751,0.000123517786561278,6.1758893280639e-05,0.737401185770751,0.0007411067193675569,6.1758893280639e-05,0.9953680830039525
15,0.8727766798418972,0.005928853754940677,0.006422924901185789,0.737401185770751,0.000123517786561278,0.0,0.737401185770751,0.0,0.0,0.737401185770751,0.0,0.0,0.737401185770751,0.0,0.0,0.737401185770751,0.0,0.0,0.9953680830039525
20,0.8798171936758893,0.00518774703557312,0.0031497035573122556,0.737401185770751,0.000247035573122556,0.0,0.737401185770751,0.0,0.0,0.737401185770751,0.0,6.1758893280639e-05,0.737401185770751,0.0,0.0,0.737401185770751,6.1758893280639e-05,0.0,0.9953680830039525
25,0.8822875494071146,0.0040143280632410905,0.006052371541501955,0.737401185770751,6.1758893280639e-05,0.0,0.737401185770751,0.000123517786561278,0.0,0.737401185770751,6.1758893280639e-05,0.0,0.737401185770751,0.0,0.0,0.737401185770751,0.0,0.0,0.9953680830039525
