Dimension,PCA,Eps = 1.0,Eps = 1.0 25,Eps = 1.0 75,Eps = 2.0,Eps = 2.0 25,Eps = 2.0 75,Eps = 3.0,Eps = 3.0 25,Eps = 3.0 75,Eps = 4.0,Eps = 4.0 25,Eps = 4.0 75,Eps = 5.0,Eps = 5.0 25,Eps = 5.0 75,Original Features
2,0.7352088345980629,0.7352088345980629,0.0,0.0,0.7352088345980629,0.0,0.0,0.7352088345980629,0.0,0.0,0.7352088345980629,0.0,0.0,0.7352088345980629,0.0,0.0,0.7352088345980629
4,0.7352088345980629,0.7352088345980629,0.0,0.0,0.7352088345980629,0.0,0.0,0.7352088345980629,0.0,0.0,0.7352088345980629,0.0,0.0,0.7352088345980629,0.0,0.0,0.7352088345980629
6,0.7352088345980629,0.7352088345980629,0.0,0.0,0.7352088345980629,0.0,0.0,0.7352088345980629,0.0,0.0,0.7352088345980629,0.0,0.0,0.7352088345980629,0.0,0.0,0.7352088345980629
8,0.7352088345980629,0.7352088345980629,0.0,0.0,0.7352088345980629,0.0,0.0,0.7352088345980629,0.0,0.0,0.7352088345980629,0.0,0.0,0.7352088345980629,0.0,0.0,0.7352088345980629
10,0.7352088345980629,0.7352088345980629,0.0,0.0,0.7352088345980629,0.0,0.0,0.7352088345980629,0.0,0.0,0.7352088345980629,0.0,0.0,0.7352088345980629,0.0,0.0,0.7352088345980629
