Dimension,RFF Real,RFF Real 25,RFF Real 75,Eps = 1.0,Eps = 1.0 25,Eps = 1.0 75,Eps = 2.0,Eps = 2.0 25,Eps = 2.0 75,Eps = 3.0,Eps = 3.0 25,Eps = 3.0 75,Eps = 4.0,Eps = 4.0 25,Eps = 4.0 75,Eps = 5.0,Eps = 5.0 25,Eps = 5.0 75,Original Features
5,0.7375864624505929,0.00018527667984191698,0.0020380434782608647,0.737401185770751,0.0,0.0,0.737401185770751,0.0,0.0,0.737401185770751,0.0,0.0,0.737401185770751,0.0,0.0,0.737401185770751,0.0,0.0,0.943552371541502
10,0.7508646245059288,0.007102272727272707,0.006978754940711429,0.737401185770751,0.0,0.0,0.737401185770751,0.0,0.0,0.737401185770751,0.0,0.0,0.737401185770751,0.0,0.0,0.737401185770751,0.0,0.0,0.943552371541502
15,0.7592638339920948,0.004817193675889286,0.013586956521739135,0.737401185770751,0.0,0.0,0.737401185770751,0.0,0.0,0.737401185770751,0.0,0.0,0.737401185770751,0.0,0.0,0.737401185770751,0.0,0.0,0.943552371541502
20,0.7748888339920948,0.010313735177865602,0.022233201581027706,0.737401185770751,0.0,0.0,0.737401185770751,0.0,0.0,0.737401185770751,0.0,0.0,0.737401185770751,0.0,0.0,0.737401185770751,0.0,0.0,0.943552371541502
25,0.8049036561264822,0.013216403162055301,0.01630434782608703,0.737401185770751,0.0,0.0,0.737401185770751,0.0,0.0,0.737401185770751,0.0,0.0,0.737401185770751,0.0,0.0,0.737401185770751,0.0,0.0,0.943552371541502
