Dimension,PCA,Eps = 1.0,Eps = 1.0 25,Eps = 1.0 75,Eps = 3.0,Eps = 3.0 25,Eps = 3.0 75,Eps = 5.0,Eps = 5.0 25,Eps = 5.0 75,Original Features
1,0.8181818181818182,0.4950711938663746,0.03943044906900328,0.02738225629791896,0.5038335158817087,0.018619934282584905,0.013143483023001057,0.5125958378970427,0.01533406352683453,0.018619934282584905,0.8565169769989047
5,0.9419496166484118,0.5060240963855421,0.01642935377875132,0.056955093099671394,0.5629791894852135,0.11829134720700979,0.04381161007667034,0.452354874041621,0.0799561883899233,0.15443592552026286,0.8565169769989047
10,0.9331872946330778,0.5060240963855421,0.01204819277108432,0.003285870755750264,0.488499452354874,0.03176341730558596,0.019715224534501696,0.48630887185104055,0.06462212486308871,0.05476451259583792,0.8565169769989047
15,0.9101861993428259,0.4939759036144578,0.0043811610076670005,0.01204819277108432,0.4939759036144578,0.016429353778751377,0.015334063526834585,0.4939759036144578,0.009857612267250793,0.01752464403066817,0.8565169769989047
20,0.9003285870755751,0.4939759036144578,0.0,0.01204819277108432,0.4939759036144578,0.0010952902519167362,0.01204819277108432,0.5060240963855421,0.014238773274917793,0.0010952902519167917,0.8565169769989047
25,0.8871851040525739,0.4939759036144578,0.0,0.01204819277108432,0.4939759036144578,0.0,0.01204819277108432,0.4939759036144578,0.01204819277108432,0.016429353778751377,0.8565169769989047
