Dimension,PCA,Eps = 1.0,Eps = 1.0 25,Eps = 1.0 75,Eps = 2.0,Eps = 2.0 25,Eps = 2.0 75,Eps = 3.0,Eps = 3.0 25,Eps = 3.0 75,Eps = 4.0,Eps = 4.0 25,Eps = 4.0 75,Eps = 5.0,Eps = 5.0 25,Eps = 5.0 75,Original Features
5,0.9556521739130435,0.8043478260869565,0.0008695652173913437,0.0008695652173912327,0.8047826086956522,0.0021739130434782483,0.0008695652173912327,0.8056521739130434,0.0008695652173912327,0.00260869565217392,0.8121739130434783,0.0013043478260870156,0.0017391304347825765,0.8208695652173913,0.0017391304347825765,0.003913043478260825,0.98
10,0.9634782608695652,0.7973913043478261,0.00043478260869567187,0.0008695652173912327,0.7978260869565217,0.0008695652173912327,0.00043478260869567187,0.7973913043478261,0.00043478260869567187,0.00043478260869556085,0.7973913043478261,0.00043478260869567187,0.0,0.7973913043478261,0.00043478260869567187,0.0008695652173912327,0.98
15,0.97,0.7965217391304348,0.0,0.00043478260869567187,0.7965217391304348,0.0,0.0,0.7965217391304348,0.0,0.0,0.7965217391304348,0.0,0.0,0.7965217391304348,0.0,0.0,0.98
20,0.9734782608695652,0.7965217391304348,0.0,0.0,0.7965217391304348,0.0,0.0,0.7965217391304348,0.0,0.0,0.7965217391304348,0.0,0.0,0.7965217391304348,0.0,0.0,0.98
25,0.9739130434782609,0.7965217391304348,0.0,0.0,0.7965217391304348,0.0,0.0,0.7965217391304348,0.0,0.0,0.7965217391304348,0.0,0.0,0.7965217391304348,0.0,0.0,0.98
