Dimension,PCA,Eps = 1.0,Eps = 1.0 25,Eps = 1.0 75,Eps = 2.0,Eps = 2.0 25,Eps = 2.0 75,Eps = 3.0,Eps = 3.0 25,Eps = 3.0 75,Eps = 4.0,Eps = 4.0 25,Eps = 4.0 75,Eps = 5.0,Eps = 5.0 25,Eps = 5.0 75,Original Features
5,0.951304347826087,0.7956521739130434,0.004347826086956497,0.003913043478260936,0.8030434782608695,0.0017391304347825765,0.0021739130434782483,0.8060869565217391,0.003043478260869592,0.0021739130434782483,0.8134782608695652,0.003043478260869592,0.003478260869565264,0.8234782608695652,0.00260869565217392,0.0021739130434782483,0.9256521739130434
10,0.951304347826087,0.7673913043478261,0.016086956521739193,0.01521739130434785,0.7930434782608695,0.00782608695652165,0.0047826086956521685,0.7978260869565217,0.006521739130434745,0.004347826086956608,0.7965217391304348,0.006956521739130417,0.00521739130434784,0.802608695652174,0.0017391304347826875,0.003478260869565153,0.9256521739130434
15,0.95,0.7765217391304348,0.00782608695652176,0.004347826086956497,0.7765217391304348,0.01043478260869568,0.010000000000000009,0.7839130434782609,0.013043478260869601,0.006086956521739184,0.7939130434782609,0.008260869565217432,0.004347826086956497,0.7956521739130434,0.004347826086956497,0.006086956521739184,0.9256521739130434
20,0.941304347826087,0.7639130434782608,0.007391304347826089,0.007391304347826089,0.7769565217391304,0.009130434782608665,0.006086956521739184,0.7791304347826087,0.011304347826086913,0.008695652173913104,0.778695652173913,0.008695652173912993,0.01043478260869568,0.7878260869565218,0.008260869565217432,0.006521739130434745,0.9256521739130434
25,0.9365217391304348,0.7639130434782608,0.00521739130434784,0.00521739130434784,0.7726086956521739,0.006521739130434856,0.007391304347826089,0.7756521739130435,0.013043478260869601,0.009130434782608665,0.7817391304347826,0.009130434782608665,0.006086956521739184,0.7856521739130434,0.006521739130434745,0.008695652173913104,0.9256521739130434
