Dimension,PCA,Eps = 1.0,Eps = 1.0 25,Eps = 1.0 75,Eps = 3.0,Eps = 3.0 25,Eps = 3.0 75,Eps = 5.0,Eps = 5.0 25,Eps = 5.0 75,Original Features
1,0.9143478260869565,0.7730434782608696,0.013478260869565273,0.010869565217391242,0.7721739130434783,0.005652173913043512,0.006956521739130417,0.7769565217391304,0.006521739130434745,0.004347826086956497,0.9204347826086956
5,0.951304347826087,0.7952173913043479,0.0,0.0008695652173912327,0.7965217391304348,0.0013043478260869046,0.00260869565217392,0.7965217391304348,0.00043478260869567187,0.0021739130434782483,0.9204347826086956
10,0.9491304347826087,0.7952173913043479,0.0,0.0,0.7952173913043479,0.0,0.0,0.7952173913043479,0.0,0.0013043478260869046,0.9204347826086956
15,0.9469565217391305,0.7952173913043479,0.0,0.0,0.7952173913043479,0.0,0.0,0.7952173913043479,0.0,0.00043478260869556085,0.9204347826086956
20,0.9391304347826087,0.7952173913043479,0.0,0.0,0.7952173913043479,0.0,0.0,0.7952173913043479,0.0,0.0,0.9204347826086956
25,0.9308695652173913,0.7952173913043479,0.0,0.0,0.7952173913043479,0.0,0.0,0.7952173913043479,0.0,0.0,0.9204347826086956
