Dimension,PCA,Eps = 1.0,Eps = 1.0 25,Eps = 1.0 75,Eps = 2.0,Eps = 2.0 25,Eps = 2.0 75,Eps = 3.0,Eps = 3.0 25,Eps = 3.0 75,Eps = 4.0,Eps = 4.0 25,Eps = 4.0 75,Eps = 5.0,Eps = 5.0 25,Eps = 5.0 75,Original Features
5,0.9452173913043478,0.8017391304347826,0.0,0.0,0.8017391304347826,0.0,0.0,0.8017391304347826,0.0,0.0,0.8017391304347826,0.0,0.0,0.802608695652174,0.0008695652173913437,0.003043478260869481,0.9408695652173913
10,0.9456521739130435,0.8017391304347826,0.0,0.0,0.8017391304347826,0.0,0.0,0.8017391304347826,0.0,0.0,0.8017391304347826,0.0,0.0,0.8017391304347826,0.0,0.0,0.9408695652173913
15,0.9543478260869566,0.8017391304347826,0.0,0.0,0.8017391304347826,0.0,0.0,0.8017391304347826,0.0,0.0,0.8017391304347826,0.0,0.0,0.8017391304347826,0.0,0.0,0.9408695652173913
20,0.9539130434782609,0.8017391304347826,0.0,0.0,0.8017391304347826,0.0,0.0,0.8017391304347826,0.0,0.0,0.8017391304347826,0.0,0.0,0.8017391304347826,0.0,0.0,0.9408695652173913
25,0.9543478260869566,0.8017391304347826,0.0,0.0,0.8017391304347826,0.0,0.0,0.8017391304347826,0.0,0.0,0.8017391304347826,0.0,0.0,0.8017391304347826,0.0,0.0,0.9408695652173913
