Dimension,RFF Real,RFF Real 25,RFF Real 75,Eps = 1.0,Eps = 1.0 25,Eps = 1.0 75,Eps = 3.0,Eps = 3.0 25,Eps = 3.0 75,Eps = 5.0,Eps = 5.0 25,Eps = 5.0 75,Original Features
1,0.801304347826087,0.016956521739130426,0.020000000000000018,0.7847826086956522,0.01043478260869568,0.00782608695652176,0.7978260869565217,0.01565217391304341,0.021304347826087033,0.802608695652174,0.01826086956521744,0.014347826086956506,0.9217391304347826
