Dimension,PCA,Eps = 1.0,Eps = 1.0 25,Eps = 1.0 75,Eps = 2.0,Eps = 2.0 25,Eps = 2.0 75,Eps = 3.0,Eps = 3.0 25,Eps = 3.0 75,Eps = 4.0,Eps = 4.0 25,Eps = 4.0 75,Eps = 5.0,Eps = 5.0 25,Eps = 5.0 75,Original Features
5,0.9387308533916849,0.4803063457330416,0.049234135667396095,0.0645514223194748,0.550328227571116,0.06017505470459522,0.09846827133479208,0.574398249452954,0.10722100656455141,0.024070021881838044,0.5951859956236324,0.05908096280087527,0.02844638949671774,0.4365426695842451,0.07986870897155363,0.1564551422319475,0.849015317286652
10,0.9288840262582057,0.5054704595185996,0.010940919037199126,0.0,0.5054704595185996,0.025164113785557995,0.021881838074398252,0.5,0.10393873085339167,0.01969365426695846,0.5076586433260394,0.024070021881838044,0.01422319474835887,0.5054704595185996,0.0481400437636762,0.06783369803063455,0.849015317286652
15,0.912472647702407,0.49452954048140046,0.005470459518599591,0.010940919037199126,0.5054704595185996,0.017505470459518613,0.003282275711159688,0.5054704595185996,0.012035010940919078,0.007658643326039383,0.4934354485776805,0.07549234135667393,0.013129102844638973,0.49452954048140046,0.035010940919037226,0.0240700218818381,0.849015317286652
20,0.8938730853391685,0.5054704595185996,0.010940919037199126,0.0,0.5054704595185996,0.010940919037199126,0.003282275711159688,0.49452954048140046,0.005470459518599591,0.010940919037199126,0.5054704595185996,0.010940919037199126,0.003282275711159688,0.5054704595185996,0.010940919037199126,0.00547045951859948,0.849015317286652
25,0.8774617067833698,0.5054704595185996,0.010940919037199126,0.0,0.49452954048140046,0.0,0.010940919037199126,0.49452954048140046,0.0,0.010940919037199126,0.49452954048140046,0.0,0.012035010940919022,0.49452954048140046,0.0010940919037199515,0.010940919037199126,0.849015317286652
