Dimension,PCA,Eps = 2.5,Eps = 2.5 25,Eps = 2.5 75,Eps = 7.5,Eps = 7.5 25,Eps = 7.5 75,Eps = 12.5,Eps = 12.5 25,Eps = 12.5 75,Original Features
1,0.9243478260869565,0.801304347826087,0.0,0.0,0.801304347826087,0.0,0.0,0.801304347826087,0.00043478260869567187,0.0,0.9460869565217391
5,0.951304347826087,0.801304347826087,0.0,0.0,0.801304347826087,0.0,0.0,0.801304347826087,0.0,0.0,0.9460869565217391
10,0.9552173913043478,0.801304347826087,0.0,0.0,0.801304347826087,0.0,0.0,0.801304347826087,0.0,0.0,0.9460869565217391
15,0.957391304347826,0.801304347826087,0.0,0.0,0.801304347826087,0.0,0.0,0.801304347826087,0.0,0.0,0.9460869565217391
20,0.9630434782608696,0.801304347826087,0.0,0.0,0.801304347826087,0.0,0.0,0.801304347826087,0.0,0.0,0.9460869565217391
25,0.9586956521739131,0.801304347826087,0.0,0.0,0.801304347826087,0.0,0.0,0.801304347826087,0.0,0.0,0.9460869565217391
