Dimension,PCA,Eps = 2.5,Eps = 2.5 25,Eps = 2.5 75,Eps = 7.5,Eps = 7.5 25,Eps = 7.5 75,Eps = 12.5,Eps = 12.5 25,Eps = 12.5 75,Original Features
1,0.9260869565217391,0.801304347826087,0.0,0.0,0.801304347826087,0.0,0.0,0.801304347826087,0.0,0.0,0.9765217391304348
5,0.96,0.801304347826087,0.0,0.0,0.801304347826087,0.0,0.0,0.801304347826087,0.0,0.0,0.9765217391304348
10,0.9665217391304348,0.801304347826087,0.0,0.0,0.801304347826087,0.0,0.0,0.801304347826087,0.0,0.0,0.9765217391304348
15,0.9726086956521739,0.801304347826087,0.0,0.0,0.801304347826087,0.0,0.0,0.801304347826087,0.0,0.0,0.9765217391304348
20,0.97,0.801304347826087,0.0,0.0,0.801304347826087,0.0,0.0,0.801304347826087,0.0,0.0,0.9765217391304348
25,0.9717391304347827,0.801304347826087,0.0,0.0,0.801304347826087,0.0,0.0,0.801304347826087,0.0,0.0,0.9765217391304348
