Dimension,PCA,Eps = 1.0,Eps = 1.0 25,Eps = 1.0 75,Eps = 2.0,Eps = 2.0 25,Eps = 2.0 75,Eps = 3.0,Eps = 3.0 25,Eps = 3.0 75,Eps = 4.0,Eps = 4.0 25,Eps = 4.0 75,Eps = 5.0,Eps = 5.0 25,Eps = 5.0 75,Original Features
5,0.951304347826087,0.81,0.0017391304347826875,0.0013043478260869046,0.8104347826086956,0.0017391304347825765,0.0013043478260870156,0.8121739130434783,0.0017391304347826875,0.0008695652173912327,0.8173913043478261,0.0017391304347826875,0.0017391304347825765,0.8243478260869566,0.0017391304347826875,0.0021739130434782483,0.9682608695652174
10,0.9608695652173913,0.802608695652174,0.00043478260869567187,0.0008695652173912327,0.802608695652174,0.00043478260869567187,0.00043478260869556085,0.802608695652174,0.00043478260869567187,0.00043478260869556085,0.8021739130434783,0.0,0.00043478260869567187,0.802608695652174,0.00043478260869567187,0.00043478260869556085,0.9682608695652174
15,0.9647826086956521,0.8017391304347826,0.0,0.0,0.8017391304347826,0.0,0.0,0.8017391304347826,0.0,0.0,0.8017391304347826,0.0,0.0,0.8017391304347826,0.0,0.0,0.9682608695652174
20,0.9678260869565217,0.8017391304347826,0.0,0.0,0.8017391304347826,0.0,0.0,0.8017391304347826,0.0,0.0,0.8017391304347826,0.0,0.0,0.8017391304347826,0.0,0.0,0.9682608695652174
25,0.9691304347826087,0.8017391304347826,0.0,0.0,0.8017391304347826,0.0,0.0,0.8017391304347826,0.0,0.0,0.8017391304347826,0.0,0.0,0.8017391304347826,0.0,0.0,0.9682608695652174
