Dimension,PCA,Eps = 1.0,Eps = 1.0 25,Eps = 1.0 75,Eps = 2.0,Eps = 2.0 25,Eps = 2.0 75,Eps = 3.0,Eps = 3.0 25,Eps = 3.0 75,Eps = 4.0,Eps = 4.0 25,Eps = 4.0 75,Eps = 5.0,Eps = 5.0 25,Eps = 5.0 75,Original Features
5,0.9333333333333333,0.5064516129032258,0.016129032258064557,0.003225806451612856,0.4935483870967742,0.0032258064516129115,0.012903225806451646,0.4978494623655914,0.007526881720430145,0.016129032258064557,0.5440860215053763,0.04731182795698924,0.033333333333333326,0.5182795698924731,0.023655913978494647,0.029032258064516148,0.9118279569892473
10,0.9612903225806452,0.4913978494623656,0.0010752688172043223,0.01827956989247309,0.5032258064516129,0.01290322580645159,0.006451612903225823,0.4967741935483871,0.006451612903225823,0.01290322580645159,0.4913978494623656,0.0010752688172043223,0.015053763440860235,0.4967741935483871,0.006451612903225823,0.02258064516129038,0.9118279569892473
15,0.9505376344086022,0.4913978494623656,0.0010752688172043223,0.01827956989247309,0.5010752688172043,0.010752688172043057,0.008602150537634357,0.4924731182795699,0.0021505376344086446,0.013978494623655913,0.4967741935483871,0.016129032258064502,0.01290322580645159,0.5064516129032258,0.015053763440860235,0.004301075268817178,0.9118279569892473
20,0.9526881720430107,0.49032258064516127,0.0,0.019354838709677413,0.49032258064516127,0.0,0.0010752688172043223,0.5064516129032258,0.016129032258064557,0.003225806451612856,0.5032258064516129,0.01290322580645159,0.006451612903225823,0.5086021505376344,0.012903225806451535,0.0010752688172043223,0.9118279569892473
25,0.9483870967741935,0.5096774193548387,0.019354838709677413,0.0,0.49032258064516127,0.0,0.019354838709677413,0.4956989247311828,0.005376344086021556,0.013978494623655857,0.4967741935483871,0.006451612903225823,0.01290322580645159,0.5096774193548387,0.019354838709677413,0.0634408602150538,0.9118279569892473
