Dimension,PCA,Eps = 1.0,Eps = 1.0 25,Eps = 1.0 75,Eps = 2.0,Eps = 2.0 25,Eps = 2.0 75,Eps = 3.0,Eps = 3.0 25,Eps = 3.0 75,Eps = 4.0,Eps = 4.0 25,Eps = 4.0 75,Eps = 5.0,Eps = 5.0 25,Eps = 5.0 75,Original Features
10,0.9311594202898551,0.5891304347826087,0.2456521739130435,0.10217391304347823,0.6391304347826087,0.14710144927536228,0.04202898550724643,0.6565217391304348,0.06376811594202902,0.047101449275362306,0.6717391304347826,0.07101449275362315,0.022463768115941973,0.6565217391304348,0.02971014492753621,0.05289855072463767,0.9855072463768116
20,0.9746376811594203,0.6869565217391305,0.30144927536231886,0.02463768115942022,0.5869565217391305,0.22028985507246385,0.1246376811594202,0.6572463768115943,0.05434782608695654,0.04130434782608694,0.6485507246376812,0.12463768115942031,0.05217391304347829,0.696376811594203,0.0818840579710145,0.01304347826086949,0.9855072463768116
30,0.9702898550724638,0.6057971014492753,0.31666666666666665,0.10579710144927534,0.6905797101449276,0.35724637681159427,0.021014492753623104,0.6869565217391305,0.11014492753623195,0.022463768115941973,0.6579710144927536,0.1514492753623189,0.04347826086956519,0.672463768115942,0.11231884057971009,0.036956521739130443,0.9855072463768116
40,0.9717391304347827,0.5253623188405797,0.2326086956521739,0.18623188405797098,0.7115942028985507,0.047826086956521685,0.0,0.7036231884057971,0.28478260869565214,0.007971014492753614,0.6905797101449276,0.22463768115942034,0.020289855072463725,0.691304347826087,0.22971014492753622,0.018840579710144967,0.9855072463768116
50,0.967391304347826,0.6492753623188405,0.3608695652173913,0.062318840579710155,0.6572463768115943,0.24347826086956526,0.05434782608695643,0.6413043478260869,0.331159420289855,0.06376811594202902,0.7021739130434783,0.22753623188405803,0.009420289855072372,0.7101449275362319,0.25724637681159424,0.0014492753623187582,0.9855072463768116
