Dimension,PCA,Eps = 1.0,Eps = 1.0 25,Eps = 1.0 75,Eps = 2.0,Eps = 2.0 25,Eps = 2.0 75,Eps = 3.0,Eps = 3.0 25,Eps = 3.0 75,Eps = 4.0,Eps = 4.0 25,Eps = 4.0 75,Eps = 5.0,Eps = 5.0 25,Eps = 5.0 75,Original Features
5,0.7393269713711703,0.5308890005022602,0.016574585635359074,0.012054244098443023,0.5479658463083877,0.0125565042692114,0.01557006529382221,0.5765946760421898,0.009040683073832212,0.013561024610748373,0.6002009040683074,0.010045203415369186,0.011551983927674536,0.623807132094425,0.014565544952285348,0.010045203415369075,0.9859367152184831
10,0.9427423405323958,0.5504771471622301,0.021094927172275235,0.030135610246107447,0.6017076845806127,0.022099447513812098,0.022601707684580585,0.6760421898543445,0.0030135610246107003,0.03314917127071826,0.7232546459065796,0.018081366147664535,0.010547463586137562,0.7709693621295831,0.018081366147664535,0.01707684580612756,0.9859367152184831
15,0.9678553490708187,0.5379206428930186,0.04118533400301355,0.014565544952285348,0.5600200904068308,0.017579105976896048,0.03264691109994977,0.6067302862882974,0.013561024610748373,0.01707684580612756,0.6634856855851331,0.02209944751381221,0.017579105976896048,0.7212456052235058,0.02963335007533907,0.006027122049221512,0.9859367152184831
20,0.9693621295831241,0.508789552988448,0.02561526870919134,0.016072325464590698,0.5504771471622301,0.027122049221496747,0.025615268709191286,0.5881466599698644,0.019085886489201398,0.008538422903063836,0.6192867905575088,0.030637870416875934,0.04168759417378198,0.6629834254143646,0.03616273229532896,0.006529382219989999,0.9859367152184831
25,0.9723756906077348,0.5168257157207433,0.01707684580612756,0.020090406830738372,0.532898041185334,0.019588146659969885,0.015067805123053724,0.5554997488699146,0.02661978905072826,0.009542943244600699,0.5861376192867905,0.018081366147664424,0.016574585635359185,0.5941737820190859,0.019085886489201398,0.01406328478151686,0.9859367152184831
