Dimension,PCA,Eps = 1.0,Eps = 1.0 25,Eps = 1.0 75,Eps = 2.0,Eps = 2.0 25,Eps = 2.0 75,Eps = 3.0,Eps = 3.0 25,Eps = 3.0 75,Eps = 4.0,Eps = 4.0 25,Eps = 4.0 75,Eps = 5.0,Eps = 5.0 25,Eps = 5.0 75,Original Features
10,0.9608695652173913,0.7014492753623188,0.13623188405797104,0.010144927536231862,0.6942028985507246,0.06811594202898541,0.017391304347826098,0.6971014492753623,0.04202898550724643,0.01449275362318836,0.7094202898550724,0.021014492753623215,0.0021739130434782483,0.7115942028985507,0.01231884057971011,0.0,0.9869565217391304
20,0.991304347826087,0.6847826086956522,0.38333333333333336,0.02681159420289847,0.3760869565217391,0.08043478260869563,0.3347826086956522,0.5608695652173913,0.1695652173913043,0.14565217391304353,0.6934782608695652,0.1289855072463768,0.01521739130434785,0.6768115942028986,0.09565217391304348,0.03188405797101446,0.9869565217391304
30,0.9934782608695653,0.6144927536231884,0.3260869565217392,0.09710144927536224,0.558695652173913,0.2702898550724638,0.15289855072463765,0.677536231884058,0.28043478260869564,0.033333333333333326,0.5963768115942029,0.21884057971014487,0.11449275362318845,0.6434782608695652,0.1485507246376811,0.0652173913043479,0.9869565217391304
40,0.9942028985507246,0.35579710144927534,0.06739130434782609,0.35579710144927534,0.6876811594202898,0.35579710144927534,0.023913043478260843,0.4971014492753623,0.20797101449275363,0.21231884057971012,0.6594202898550725,0.2478260869565218,0.050724637681159424,0.672463768115942,0.3326086956521739,0.036956521739130443,0.9869565217391304
50,0.9927536231884058,0.691304347826087,0.4028985507246377,0.020289855072463725,0.7094202898550724,0.336231884057971,0.0021739130434782483,0.35797101449275365,0.06956521739130439,0.35362318840579704,0.6398550724637682,0.3514492753623189,0.07173913043478253,0.4072463768115942,0.11304347826086958,0.27246376811594203,0.9869565217391304
