Dimension,PCA,Eps = 1.0,Eps = 1.0 25,Eps = 1.0 75,Eps = 2.0,Eps = 2.0 25,Eps = 2.0 75,Eps = 3.0,Eps = 3.0 25,Eps = 3.0 75,Eps = 4.0,Eps = 4.0 25,Eps = 4.0 75,Eps = 5.0,Eps = 5.0 25,Eps = 5.0 75,Original Features
5,0.731290808638875,0.5113008538422903,0.0050226017076845375,0.017579105976896048,0.5288799598191863,0.01707684580612756,0.009040683073832212,0.5539929683576093,0.010547463586137673,0.0050226017076845375,0.5680562531391261,0.01406328478151686,0.009040683073832212,0.5781014565544952,0.006529382219989888,0.008538422903063836,0.9854344550477148
10,0.952787543947765,0.5334003013561025,0.016574585635359185,0.019588146659969774,0.5524861878453039,0.01406328478151686,0.02812656956303361,0.5826217980914113,0.009040683073832212,0.01858362631843291,0.610748367654445,0.009040683073832212,0.018081366147664535,0.6413862380713209,0.009040683073832212,0.009040683073832323,0.9854344550477148
15,0.9738824711200402,0.5349070818684079,0.02511300853842291,0.0055248618784530246,0.5364138623807132,0.016574585635359074,0.012054244098443023,0.5585133098945254,0.011551983927674536,0.018081366147664424,0.5695630336514315,0.008538422903063836,0.01406328478151686,0.5966850828729282,0.02059266700150686,0.012054244098442912,0.9854344550477148
20,0.9829231541938724,0.5168257157207433,0.013561024610748373,0.016574585635359185,0.5369161225514817,0.009542943244600699,0.016072325464590587,0.544952285283777,0.008036162732295349,0.021094927172275235,0.5655449522852838,0.01707684580612756,0.014565544952285236,0.5796082370668006,0.021094927172275235,0.014565544952285236,0.9854344550477148
25,0.9839276745354093,0.5183324962330487,0.018081366147664424,0.01406328478151686,0.5268709191361125,0.017579105976896048,0.01406328478151686,0.5429432446007032,0.013058764439979997,0.011551983927674536,0.5529884480160723,0.02159718734304361,0.009542943244600699,0.5620291310899046,0.01255650426921151,0.008538422903063725,0.9854344550477148
