Dimension,PCA,Eps = 1.0,Eps = 1.0 25,Eps = 1.0 75,Eps = 2.0,Eps = 2.0 25,Eps = 2.0 75,Eps = 3.0,Eps = 3.0 25,Eps = 3.0 75,Eps = 4.0,Eps = 4.0 25,Eps = 4.0 75,Eps = 5.0,Eps = 5.0 25,Eps = 5.0 75,Original Features
5,0.6800602712204922,0.67101958814666,0.020592667001506748,0.007031642390758375,0.6815670517327976,0.0035158211953792984,0.0025113008538422132,0.682069311903566,0.0035158211953791874,0.0045203415369161615,0.6810647915620291,0.0025113008538423243,0.0025113008538423243,0.6845806127574083,0.0015067805123053502,0.002009040683073837,0.9718734304369664
10,0.9296835760924159,0.8287292817679558,0.01858362631843291,0.015067805123053724,0.8809643395278755,0.009040683073832212,0.009542943244600699,0.903566047212456,0.004018081366147674,0.0055248618784530246,0.9116022099447514,0.0045203415369161615,0.0035158211953791874,0.9136112506278252,0.0045203415369161615,0.0035158211953791874,0.9718734304369664
15,0.939728779507785,0.7187343043696635,0.03716725263686582,0.04871923656454047,0.8483174284279257,0.015067805123053724,0.013561024610748373,0.8864892014063285,0.007533902561526862,0.0050226017076845375,0.9055750878955299,0.012054244098443023,0.010045203415369186,0.9136112506278252,0.007031642390758375,0.0055248618784530246,0.9718734304369664
20,0.9447513812154696,0.6745354093420391,0.0316423907584128,0.038171772978402796,0.7805123053741838,0.027122049221496747,0.027122049221496747,0.843294826720241,0.0155700652938221,0.021094927172275346,0.8834756403817178,0.016072325464590698,0.009542943244600699,0.8985434455047715,0.008538422903063836,0.006529382219989888,0.9718734304369664
25,0.952787543947765,0.6539427423405324,0.06278252134605722,0.04018081366147663,0.7564038171772979,0.02661978905072826,0.019085886489201398,0.7920642893018583,0.01557006529382221,0.03415369161225512,0.855349070818684,0.019588146659969885,0.016574585635359185,0.8784530386740331,0.009542943244600699,0.015067805123053724,0.9718734304369664
