Dimension,PCA,Eps = 1.0,Eps = 1.0 25,Eps = 1.0 75,Eps = 2.0,Eps = 2.0 25,Eps = 2.0 75,Eps = 3.0,Eps = 3.0 25,Eps = 3.0 75,Eps = 4.0,Eps = 4.0 25,Eps = 4.0 75,Eps = 5.0,Eps = 5.0 25,Eps = 5.0 75,Original Features
5,0.7137117026619789,0.5645404319437468,0.024610748367654423,0.03415369161225523,0.6383726770467102,0.011049723756906049,0.007533902561526862,0.6574585635359116,0.008538422903063725,0.004018081366147674,0.6745354093420391,0.0025113008538422132,0.007533902561526862,0.683073832245103,0.0055248618784530246,0.0035158211953791874,0.9588146659969864
10,0.9276745354093421,0.6052235057759919,0.049221496735308845,0.036664992466097446,0.700652938221999,0.03465595178302361,0.035158211953791985,0.7679558011049724,0.011551983927674536,0.011551983927674536,0.8066298342541437,0.011551983927674536,0.008036162732295238,0.8257157207433451,0.010045203415369186,0.010547463586137562,0.9588146659969864
15,0.9347061778001005,0.5554997488699146,0.024108488196885935,0.04520341536916128,0.6408839779005525,0.047714716223003495,0.025615268709191286,0.6730286288297338,0.03867403314917128,0.04018081366147663,0.7674535409342039,0.04871923656454047,0.010547463586137562,0.7744851833249623,0.027624309392265123,0.02360622802611756,0.9588146659969864
20,0.9347061778001005,0.5233550979407333,0.012054244098443023,0.0316423907584128,0.5705675539929683,0.03616273229532896,0.05976896032144652,0.6298342541436464,0.029131089904570473,0.04570567553992977,0.6860873932697137,0.023103967855349072,0.021597187343043722,0.7317930688096433,0.03114013058764431,0.02360622802611756,0.9588146659969864
25,0.9432446007031643,0.5323957810145655,0.02511300853842291,0.032144650929181284,0.5881466599698644,0.02812656956303361,0.04369663485685582,0.5781014565544952,0.03716725263686582,0.05173279758915117,0.6559517830236062,0.08940231039678559,0.04721245605223501,0.6785534907081868,0.04570567553992966,0.020090406830738372,0.9588146659969864
