Dimension,RFF Real,RFF Real 25,RFF Real 75,Eps = 1.0,Eps = 1.0 25,Eps = 1.0 75,Eps = 3.0,Eps = 3.0 25,Eps = 3.0 75,Eps = 5.0,Eps = 5.0 25,Eps = 5.0 75,Original Features
1,0.5529884480160723,0.025615268709191286,0.03766951280763442,0.5549974886991461,0.036664992466097446,0.02812656956303372,0.5544952285283777,0.028628829733802097,0.032144650929181284,0.5539929683576093,0.026117528879959773,0.03114013058764442,0.9899547965846308
