Dimension,PCA,Eps = 1.0,Eps = 1.0 25,Eps = 1.0 75,Eps = 2.0,Eps = 2.0 25,Eps = 2.0 75,Eps = 3.0,Eps = 3.0 25,Eps = 3.0 75,Eps = 4.0,Eps = 4.0 25,Eps = 4.0 75,Eps = 5.0,Eps = 5.0 25,Eps = 5.0 75,Original Features
5,0.853322528363047,0.7957860615883307,0.0,0.0,0.7957860615883307,0.0,0.0,0.7957860615883307,0.0,0.0,0.7957860615883307,0.0008103727714748876,0.0,0.7957860615883307,0.0008103727714748876,0.0,0.9846029173419774
10,0.9278768233387358,0.7957860615883307,0.0,0.0,0.7957860615883307,0.0,0.0,0.7957860615883307,0.0,0.0,0.7957860615883307,0.0,0.0,0.7957860615883307,0.0,0.0,0.9846029173419774
15,0.9586709886547812,0.7957860615883307,0.0,0.0,0.7957860615883307,0.0,0.0,0.7957860615883307,0.0,0.0,0.7957860615883307,0.0,0.0,0.7957860615883307,0.0,0.0,0.9846029173419774
20,0.9651539708265803,0.7957860615883307,0.0,0.0,0.7957860615883307,0.0,0.0,0.7957860615883307,0.0,0.0,0.7957860615883307,0.0,0.0,0.7957860615883307,0.0,0.0,0.9846029173419774
25,0.9643435980551054,0.7957860615883307,0.0,0.0,0.7957860615883307,0.0,0.0,0.7957860615883307,0.0,0.0,0.7957860615883307,0.0,0.0,0.7957860615883307,0.0,0.0,0.9846029173419774
