Dimension,RFF Real,RFF Real 25,RFF Real 75,Eps = 1.0,Eps = 1.0 25,Eps = 1.0 75,Eps = 3.0,Eps = 3.0 25,Eps = 3.0 75,Eps = 5.0,Eps = 5.0 25,Eps = 5.0 75,Original Features
1,0.5560020090406831,0.03616273229532896,0.03867403314917128,0.544952285283777,0.030637870416875934,0.030135610246107447,0.5509794073329984,0.02812656956303361,0.03314917127071826,0.5560020090406831,0.03415369161225512,0.022601707684580585,0.9588146659969864
