Dimension,RFF Real,RFF Real 25,RFF Real 75,Eps = 1.0,Eps = 1.0 25,Eps = 1.0 75,Eps = 3.0,Eps = 3.0 25,Eps = 3.0 75,Eps = 5.0,Eps = 5.0 25,Eps = 5.0 75,Original Features
1,0.8300929839391378,0.0,0.0,0.8300929839391378,0.0,0.0,0.8300929839391378,0.0,0.0,0.8300929839391378,0.0,0.0,0.981403212172443
