Dimension,PCA,Eps = 1.0,Eps = 1.0 25,Eps = 1.0 75,Eps = 2.0,Eps = 2.0 25,Eps = 2.0 75,Eps = 3.0,Eps = 3.0 25,Eps = 3.0 75,Eps = 4.0,Eps = 4.0 25,Eps = 4.0 75,Eps = 5.0,Eps = 5.0 25,Eps = 5.0 75,Original Features
10,0.9319286871961102,0.5097244732576985,0.3055105348460292,0.27876823338735823,0.6158833063209076,0.3103727714748784,0.15964343598055108,0.626418152350081,0.31766612641815234,0.07293354943273911,0.6410048622366289,0.1717990275526743,0.08265802269043754,0.5680713128038898,0.08346839546191248,0.1410048622366289,0.9837925445705025
20,0.9813614262560778,0.22366288492706646,0.01944894651539708,0.5721231766612642,0.5858995137763371,0.35089141004862234,0.20988654781199356,0.793354943273906,0.5259319286871962,0.002431118314424663,0.3914100486223663,0.17504051863857373,0.38816855753646673,0.5907617504051864,0.31442463533225284,0.1766612641815235,0.9837925445705025
30,0.986223662884927,0.24473257698541329,0.04051863857374391,0.5510534846029174,0.5996758508914101,0.3954619124797407,0.19611021069692058,0.6150729335494327,0.3905996758508914,0.18071312803889794,0.34359805510534847,0.1393841166936791,0.440032414910859,0.5032414910858996,0.2876823338735819,0.273095623987034,0.9837925445705025
40,0.9854132901134521,0.20421393841166938,0.0,0.5915721231766613,0.26094003241491087,0.056726094003241495,0.5348460291734198,0.2252836304700162,0.02106969205834683,0.5705024311183144,0.5097244732576985,0.3055105348460292,0.2860615883306321,0.7884927066450568,0.4570502431118315,0.007293354943273878,0.9837925445705025
50,0.9870340356564019,0.36385737439222043,0.15964343598055106,0.4319286871961102,0.7658022690437601,0.5615883306320908,0.02998379254457051,0.7593192868719612,0.5551053484602918,0.0364667747163695,0.7414910858995137,0.5372771474878444,0.054294975688816915,0.6823338735818476,0.27309562398703396,0.11345218800648305,0.9837925445705025
