Dimension,PCA,Eps = 1.0,Eps = 1.0 25,Eps = 1.0 75,Eps = 2.0,Eps = 2.0 25,Eps = 2.0 75,Eps = 3.0,Eps = 3.0 25,Eps = 3.0 75,Eps = 4.0,Eps = 4.0 25,Eps = 4.0 75,Eps = 5.0,Eps = 5.0 25,Eps = 5.0 75,Original Features
10,0.9442028985507246,0.532608695652174,0.2442028985507247,0.1768115942028985,0.42246376811594205,0.10797101449275365,0.2826086956521739,0.6,0.16449275362318838,0.11014492753623195,0.5905797101449275,0.10579710144927534,0.07536231884057976,0.5173913043478261,0.12028985507246376,0.08695652173913038,0.9855072463768116
20,0.9847826086956522,0.3144927536231884,0.026086956521739146,0.3971014492753623,0.4007246376811594,0.11231884057971014,0.3108695652173913,0.43333333333333335,0.1449275362318841,0.2753623188405797,0.45217391304347826,0.14492753623188404,0.25797101449275367,0.5347826086956522,0.1826086956521739,0.17028985507246375,0.9855072463768116
30,0.9891304347826086,0.7115942028985507,0.42318840579710143,0.0,0.7115942028985507,0.42318840579710143,0.0,0.6333333333333333,0.34492753623188405,0.07826086956521738,0.6956521739130435,0.4021739130434782,0.01594202898550723,0.5615942028985508,0.2710144927536232,0.14565217391304341,0.9855072463768116
40,0.9869565217391304,0.5065217391304347,0.2181159420289855,0.20507246376811594,0.6333333333333333,0.34492753623188405,0.07826086956521738,0.28840579710144926,0.0,0.42318840579710143,0.3652173913043478,0.07681159420289857,0.34637681159420286,0.6710144927536232,0.382608695652174,0.04057971014492745,0.9855072463768116
50,0.9891304347826086,0.7115942028985507,0.42318840579710143,0.0,0.7115942028985507,0.42318840579710143,0.0,0.45652173913043476,0.1681159420289855,0.25507246376811593,0.42536231884057973,0.13695652173913048,0.28623188405797095,0.6123188405797102,0.32391304347826094,0.09927536231884049,0.9855072463768116
