Dimension,PCA,Eps = 1.0,Eps = 1.0 25,Eps = 1.0 75,Eps = 3.0,Eps = 3.0 25,Eps = 3.0 75,Eps = 5.0,Eps = 5.0 25,Eps = 5.0 75,Original Features
1,0.7957860615883307,0.7957860615883307,0.0,0.0,0.7957860615883307,0.0,0.0,0.7957860615883307,0.0,0.0,0.9756888168557536
5,0.8047001620745543,0.7957860615883307,0.0008103727714748876,0.0,0.7957860615883307,0.0008103727714748876,0.0,0.7957860615883307,0.0008103727714748876,0.0,0.9756888168557536
10,0.8824959481361426,0.7949756888168558,0.0,0.0008103727714748876,0.7957860615883307,0.0008103727714748876,0.0,0.7949756888168558,0.0,0.0008103727714748876,0.9756888168557536
15,0.9570502431118314,0.7949756888168558,0.0,0.0008103727714748876,0.7949756888168558,0.0,0.0008103727714748876,0.7949756888168558,0.0008103727714748876,0.0008103727714748876,0.9756888168557536
20,0.953808752025932,0.7949756888168558,0.0008103727714748876,0.0008103727714748876,0.7949756888168558,0.0,0.0008103727714748876,0.7949756888168558,0.0,0.0008103727714748876,0.9756888168557536
25,0.9594813614262561,0.7949756888168558,0.0,0.0008103727714748876,0.7949756888168558,0.0008103727714748876,0.0008103727714748876,0.7941653160453809,0.0,0.0008103727714748876,0.9756888168557536
