Dimension,PCA,Eps = 1.0,Eps = 1.0 25,Eps = 1.0 75,Eps = 3.0,Eps = 3.0 25,Eps = 3.0 75,Eps = 5.0,Eps = 5.0 25,Eps = 5.0 75,Original Features
1,0.5770969362129583,0.520843797086891,0.012054244098443023,0.07081868407835257,0.5740833751883475,0.023103967855349072,0.025615268709191397,0.5489703666499247,0.016574585635359185,0.08387744851833245,0.9904570567553993
2,0.6916122551481667,0.5092918131592165,0.0025113008538423243,0.04821697639377198,0.5951783023606229,0.03867403314917128,0.020592667001506748,0.628327473631341,0.03465595178302361,0.032144650929181395,0.9904570567553993
3,0.7438473129080864,0.5072827724761426,0.012556504269211455,0.010547463586137673,0.645906579608237,0.08186840783525862,0.020592667001506748,0.6479156202913109,0.02511300853842291,0.036664992466097446,0.9904570567553993
