Dimension,PCA,Eps = 1.0,Eps = 1.0 25,Eps = 1.0 75,Eps = 2.0,Eps = 2.0 25,Eps = 2.0 75,Eps = 3.0,Eps = 3.0 25,Eps = 3.0 75,Eps = 4.0,Eps = 4.0 25,Eps = 4.0 75,Eps = 5.0,Eps = 5.0 25,Eps = 5.0 75,Original Features
10,0.9051863857374393,0.7957860615883307,0.034846029173419835,0.0,0.7957860615883307,0.0,0.0,0.7957860615883307,0.0,0.0,0.7957860615883307,0.0,0.0,0.7957860615883307,0.0,0.0,0.9611021069692058
20,0.9448946515397083,0.7957860615883307,0.2576985413290114,0.0,0.7957860615883307,0.5113452188006483,0.0,0.7957860615883307,0.5437601296596435,0.0,0.7957860615883307,0.0,0.0,0.7957860615883307,0.0,0.0,0.9611021069692058
30,0.9529983792544571,0.20421393841166938,0.0,0.5915721231766613,0.7957860615883307,0.5907617504051864,0.0,0.7957860615883307,0.0,0.0,0.7957860615883307,0.0,0.0,0.7957860615883307,0.01944894651539708,0.0,0.9611021069692058
40,0.9513776337115073,0.7957860615883307,0.5915721231766613,0.0,0.7957860615883307,0.5915721231766613,0.0,0.7957860615883307,0.0,0.0,0.4805510534846029,0.27633711507293357,0.31523500810372773,0.7957860615883307,0.0016207455429497752,0.0,0.9611021069692058
50,0.9481361426256077,0.7957860615883307,0.5915721231766613,0.0,0.7957860615883307,0.5915721231766613,0.0,0.7957860615883307,0.5850891410048622,0.0,0.7957860615883307,0.10210696920583473,0.0,0.7957860615883307,0.20016207455429502,0.0,0.9611021069692058
