Dimension,PCA,Eps = 1.0,Eps = 1.0 25,Eps = 1.0 75,Eps = 2.0,Eps = 2.0 25,Eps = 2.0 75,Eps = 3.0,Eps = 3.0 25,Eps = 3.0 75,Eps = 4.0,Eps = 4.0 25,Eps = 4.0 75,Eps = 5.0,Eps = 5.0 25,Eps = 5.0 75,Original Features
10,0.9101449275362319,0.7115942028985507,0.0,0.0,0.7115942028985507,0.0,0.0,0.7115942028985507,0.0,0.0,0.7115942028985507,0.0,0.0,0.7115942028985507,0.0,0.0,0.9717391304347827
20,0.9492753623188406,0.7115942028985507,0.0,0.0,0.7115942028985507,0.0,0.0,0.7115942028985507,0.0,0.0,0.7115942028985507,0.0,0.0,0.7115942028985507,0.0,0.0,0.9717391304347827
30,0.9608695652173913,0.7115942028985507,0.11956521739130432,0.0,0.7115942028985507,0.0,0.0,0.7115942028985507,0.0,0.0,0.7115942028985507,0.0,0.0,0.7115942028985507,0.0,0.0,0.9717391304347827
40,0.9623188405797102,0.5869565217391305,0.07608695652173914,0.1246376811594202,0.7115942028985507,0.0,0.0,0.7115942028985507,0.0,0.0,0.7115942028985507,0.0,0.0,0.7115942028985507,0.0,0.0,0.9717391304347827
50,0.9681159420289855,0.5840579710144927,0.14420289855072466,0.12753623188405794,0.7115942028985507,0.09710144927536224,0.0,0.7115942028985507,0.0,0.0,0.7115942028985507,0.0,0.0,0.7115942028985507,0.0,0.0,0.9717391304347827
