Dimension,PCA,Eps = 1.0,Eps = 1.0 25,Eps = 1.0 75,Eps = 2.0,Eps = 2.0 25,Eps = 2.0 75,Eps = 3.0,Eps = 3.0 25,Eps = 3.0 75,Eps = 4.0,Eps = 4.0 25,Eps = 4.0 75,Eps = 5.0,Eps = 5.0 25,Eps = 5.0 75,Original Features
10,0.9101449275362319,0.7115942028985507,0.24855072463768113,0.0,0.7115942028985507,0.008695652173912993,0.0,0.7115942028985507,0.0,0.0,0.7115942028985507,0.0,0.0,0.7115942028985507,0.0,0.0,0.9608695652173913
20,0.9376811594202898,0.7115942028985507,0.0,0.0,0.7108695652173913,0.42246376811594205,0.0007246376811593791,0.7115942028985507,0.0028985507246376274,0.0,0.7115942028985507,0.062318840579710155,0.0,0.7115942028985507,0.006521739130434745,0.0,0.9608695652173913
30,0.946376811594203,0.46956521739130436,0.1811594202898551,0.24202898550724633,0.7115942028985507,0.42318840579710143,0.0,0.7115942028985507,0.0514492753623188,0.0,0.7115942028985507,0.336231884057971,0.0,0.7115942028985507,0.03623188405797095,0.0,0.9608695652173913
40,0.9427536231884058,0.7115942028985507,0.42318840579710143,0.0,0.7115942028985507,0.42318840579710143,0.0,0.7115942028985507,0.39927536231884053,0.0,0.663768115942029,0.3746376811594203,0.047826086956521685,0.7115942028985507,0.42318840579710143,0.0,0.9608695652173913
50,0.9442028985507246,0.28840579710144926,0.0,0.42318840579710143,0.4057971014492754,0.11739130434782613,0.3057971014492753,0.7115942028985507,0.42318840579710143,0.0,0.7115942028985507,0.42318840579710143,0.0,0.7108695652173913,0.42246376811594205,0.0007246376811593791,0.9608695652173913
