Dimension,PCA,Eps = 1.0,Eps = 1.0 25,Eps = 1.0 75,Eps = 2.0,Eps = 2.0 25,Eps = 2.0 75,Eps = 3.0,Eps = 3.0 25,Eps = 3.0 75,Eps = 4.0,Eps = 4.0 25,Eps = 4.0 75,Eps = 5.0,Eps = 5.0 25,Eps = 5.0 75,Original Features
10,0.9254457050243112,0.5453808752025932,0.2341977309562398,0.21555915721231766,0.6977309562398704,0.19367909238249592,0.08184764991896265,0.7058346839546191,0.07050243111831445,0.06969205834683956,0.7609400324149108,0.09157212317666119,0.027552674230145957,0.7617504051863857,0.04700162074554293,0.02350081037277152,0.986223662884927
20,0.9683954619124797,0.6450567260940032,0.4213938411669368,0.1458670988654781,0.5583468395461912,0.18071312803889789,0.2139384116693679,0.7633711507293355,0.12317666126418148,0.030794165316045397,0.7625607779578606,0.09481361426256074,0.027552674230145846,0.7901134521880064,0.021880064829821633,0.004862236628849326,0.986223662884927
30,0.9667747163695299,0.779578606158833,0.5218800648298216,0.01620745542949764,0.7560777957860616,0.4967585089141005,0.03970826580226905,0.7739059967585089,0.13533225283630468,0.015397082658022643,0.7722852512155591,0.14748784440842788,0.02269043760129663,0.779578606158833,0.06158833063209068,0.015397082658022754,0.986223662884927
40,0.9643435980551054,0.6880064829821718,0.4821717990275527,0.10777957860615883,0.7949756888168558,0.2552674230145867,0.0008103727714748876,0.7722852512155591,0.14424635332252833,0.02350081037277152,0.7909238249594813,0.17341977309562395,0.004862236628849326,0.6555915721231766,0.3079416531604538,0.11831442463533226,0.986223662884927
50,0.9675850891410048,0.41247974068071314,0.20826580226904376,0.3833063209076175,0.7836304700162074,0.25283630470016205,0.012155591572123203,0.7941653160453809,0.14343598055105344,0.0016207455429497752,0.7957860615883307,0.19935170178282013,0.0,0.7893030794165316,0.11912479740680704,0.006482982171799101,0.986223662884927
