Dimension,PCA,Eps = 1.0,Eps = 1.0 25,Eps = 1.0 75,Eps = 2.0,Eps = 2.0 25,Eps = 2.0 75,Eps = 3.0,Eps = 3.0 25,Eps = 3.0 75,Eps = 4.0,Eps = 4.0 25,Eps = 4.0 75,Eps = 5.0,Eps = 5.0 25,Eps = 5.0 75,Original Features
10,0.9319286871961102,0.3063209076175041,0.1021069692058347,0.41085899513776336,0.546191247974068,0.146677471636953,0.2074554294975689,0.6369529983792545,0.3306320907617504,0.10210696920583473,0.6750405186385737,0.20745542949756884,0.0915721231766613,0.6102106969205835,0.073743922204214,0.10696920583468394,0.9837925445705025
20,0.9813614262560778,0.2293354943273906,0.02512155591572121,0.5664505672609401,0.3209076175040519,0.11669367909238251,0.4740680713128039,0.786871961102107,0.5672609400324149,0.008914100486223653,0.2714748784440843,0.06645056726094006,0.29740680713128037,0.5316045380875203,0.29173419773095627,0.1709886547811993,0.9837925445705025
30,0.9878444084278768,0.7941653160453809,0.5899513776337115,0.0016207455429497752,0.7957860615883307,0.5915721231766613,0.0,0.6369529983792545,0.4327390599675851,0.1588330632090762,0.7828200972447326,0.27714748784440846,0.012965964343598091,0.7836304700162074,0.3833063209076175,0.012155591572123203,0.9837925445705025
40,0.9886547811993517,0.38087520259319285,0.17666126418152348,0.4149108589951378,0.6458670988654781,0.44165316045380876,0.14991896272285254,0.5607779578606159,0.35656401944894656,0.23500810372771475,0.7285251215559158,0.5153970826580228,0.0672609400324149,0.7674230145867099,0.3954619124797407,0.028363047001620734,0.9837925445705025
50,0.9886547811993517,0.7957860615883307,0.5915721231766613,0.0,0.7957860615883307,0.5915721231766613,0.0,0.26580226904376014,0.061588330632090765,0.5235008103727714,0.5705024311183144,0.3662884927066451,0.2252836304700162,0.6175040518638574,0.413290113452188,0.17828200972447328,0.9837925445705025
