Dimension,PCA,Eps = 1.0,Eps = 1.0 25,Eps = 1.0 75,Eps = 3.0,Eps = 3.0 25,Eps = 3.0 75,Eps = 5.0,Eps = 5.0 25,Eps = 5.0 75,Original Features
1,0.8103727714748784,0.7957860615883307,0.0,0.0,0.7957860615883307,0.0,0.0,0.7957860615883307,0.0,0.0,0.993517017828201
5,0.86709886547812,0.7957860615883307,0.0,0.0,0.7949756888168558,0.0,0.0008103727714748876,0.7949756888168558,0.0008103727714748876,0.0,0.993517017828201
10,0.9554294975688817,0.7957860615883307,0.0008103727714748876,0.0,0.7949756888168558,0.0,0.0008103727714748876,0.7949756888168558,0.0,0.0008103727714748876,0.993517017828201
15,0.9829821717990276,0.7949756888168558,0.0,0.0008103727714748876,0.7957860615883307,0.0008103727714748876,0.0,0.7949756888168558,0.0,0.0,0.993517017828201
20,0.9902755267423015,0.7957860615883307,0.0008103727714748876,0.0,0.7949756888168558,0.0,0.0008103727714748876,0.7957860615883307,0.0008103727714748876,0.0,0.993517017828201
25,0.9951377633711507,0.7957860615883307,0.0008103727714748876,0.0,0.7949756888168558,0.0,0.0008103727714748876,0.7949756888168558,0.0008103727714748876,0.0008103727714748876,0.993517017828201
