Dimension,PCA,Eps = 1.0,Eps = 1.0 25,Eps = 1.0 75,Eps = 2.0,Eps = 2.0 25,Eps = 2.0 75,Eps = 3.0,Eps = 3.0 25,Eps = 3.0 75,Eps = 4.0,Eps = 4.0 25,Eps = 4.0 75,Eps = 5.0,Eps = 5.0 25,Eps = 5.0 75,Original Features
10,0.8816855753646677,0.7957860615883307,0.0,0.0,0.7957860615883307,0.0,0.0,0.7957860615883307,0.0,0.0,0.7957860615883307,0.0,0.0,0.7957860615883307,0.0,0.0,0.9724473257698542
20,0.9627228525121556,0.7957860615883307,0.0,0.0,0.7957860615883307,0.0,0.0,0.7957860615883307,0.0,0.0,0.7957860615883307,0.0,0.0,0.7957860615883307,0.0,0.0,0.9724473257698542
30,0.9708265802269044,0.7957860615883307,0.0,0.0,0.7957860615883307,0.0,0.0,0.7957860615883307,0.0,0.0,0.7957860615883307,0.0,0.0,0.7957860615883307,0.0,0.0,0.9724473257698542
40,0.9700162074554295,0.7957860615883307,0.2382495948136143,0.0,0.7957860615883307,0.0,0.0,0.7957860615883307,0.0,0.0,0.7957860615883307,0.0,0.0,0.7957860615883307,0.0,0.0,0.9724473257698542
50,0.9740680713128039,0.5567260940032415,0.0672609400324149,0.23905996758508918,0.7957860615883307,0.0,0.0,0.7957860615883307,0.0,0.0,0.7957860615883307,0.0,0.0,0.7957860615883307,0.0,0.0,0.9724473257698542
