Dimension,PCA,Eps = 1.0,Eps = 1.0 25,Eps = 1.0 75,Eps = 2.0,Eps = 2.0 25,Eps = 2.0 75,Eps = 3.0,Eps = 3.0 25,Eps = 3.0 75,Eps = 4.0,Eps = 4.0 25,Eps = 4.0 75,Eps = 5.0,Eps = 5.0 25,Eps = 5.0 75,Original Features
10,0.919773095623987,0.6102106969205835,0.2722852512155592,0.13290113452188002,0.7560777957860616,0.07536466774716366,0.030794165316045397,0.7277147487844409,0.07698541329011344,0.03970826580226905,0.7617504051863857,0.01944894651539708,0.01701782820097253,0.7479740680713128,0.04943273905996759,0.023500810372771408,0.9821717990275527
20,0.9716369529983793,0.7520259319286872,0.4408427876823338,0.0429497568881686,0.679902755267423,0.19692058346839553,0.06645056726094001,0.7358184764991896,0.17504051863857373,0.05834683954619124,0.7779578606158833,0.11993517017828204,0.013776337115072868,0.752836304700162,0.0972447325769854,0.037277147487844386,0.9821717990275527
30,0.9716369529983793,0.713128038897893,0.4043760129659643,0.08265802269043765,0.6847649918962723,0.3192868719611021,0.11102106969205838,0.7690437601296597,0.4132901134521881,0.02674230145867096,0.7188006482982172,0.15397082658022698,0.06888168557536467,0.786871961102107,0.15397082658022698,0.008914100486223653,0.9821717990275527
40,0.9675850891410048,0.7941653160453809,0.5648298217179903,0.0016207455429497752,0.7106969205834684,0.11912479740680715,0.0850891410048622,0.779578606158833,0.2317666126418152,0.01620745542949764,0.7763371150729336,0.140194489465154,0.01944894651539708,0.7585089141004863,0.26661264181523503,0.037277147487844386,0.9821717990275527
50,0.9692058346839546,0.5713128038897893,0.36709886547812,0.22447325769854132,0.7941653160453809,0.24068071312803885,0.0016207455429497752,0.5324149108589952,0.29578606158833065,0.25931928687196104,0.7949756888168558,0.08833063209076175,0.0008103727714748876,0.7682333873581848,0.20016207455429502,0.02674230145867096,0.9821717990275527
