Dimension,RFF Real,RFF Real 25,RFF Real 75,Eps = 1.0,Eps = 1.0 25,Eps = 1.0 75,Eps = 2.0,Eps = 2.0 25,Eps = 2.0 75,Eps = 3.0,Eps = 3.0 25,Eps = 3.0 75,Eps = 4.0,Eps = 4.0 25,Eps = 4.0 75,Eps = 5.0,Eps = 5.0 25,Eps = 5.0 75,Original Features
5,0.7289540421846972,0.0,0.0,0.7289540421846972,0.0,0.0,0.7289540421846972,0.0,0.0,0.7289540421846972,0.0,0.0,0.7289540421846972,0.0,0.0,0.7289540421846972,0.0,0.0,0.7289540421846972
10,0.7360054431867384,0.007051401002041269,0.013051277293251617,0.7289540421846972,0.0,0.0,0.7289540421846972,0.0,0.0,0.7289540421846972,0.0,0.0,0.7289540421846972,0.0,0.0,0.7289540421846972,0.0,0.0,0.7289540421846972
15,0.7412630667408919,0.012309024556194759,0.02437063153337049,0.7289540421846972,0.0,0.0,0.7289540421846972,0.0,0.0,0.7289540421846972,0.0,0.0,0.7289540421846972,0.0,0.0,0.7289540421846972,0.0,0.0,0.7289540421846972
20,0.7654481350899981,0.01280385971423259,0.0030308653429826915,0.7289540421846972,0.0,0.0,0.7289540421846972,0.0,0.0,0.7289540421846972,0.0,0.0,0.7289540421846972,0.0,0.0,0.7289540421846972,0.0,0.0,0.7289540421846972
25,0.7661285334323004,0.0069895466072864565,0.0011133791055853992,0.7289540421846972,0.0,0.0,0.7289540421846972,0.0,0.0,0.7289540421846972,0.0,0.0,0.7289540421846972,0.0,0.0,0.7289540421846972,0.0,0.0,0.7289540421846972
