Dimension,PCA,Eps = 1.0,Eps = 1.0 25,Eps = 1.0 75,Eps = 2.0,Eps = 2.0 25,Eps = 2.0 75,Eps = 3.0,Eps = 3.0 25,Eps = 3.0 75,Eps = 4.0,Eps = 4.0 25,Eps = 4.0 75,Eps = 5.0,Eps = 5.0 25,Eps = 5.0 75,Original Features
5,0.7910738048930289,0.7617975227761286,0.0,0.0,0.7617975227761286,0.00030709386835903185,0.0,0.7617975227761286,0.00010236462278634395,0.0,0.7617975227761286,0.0,0.00010236462278634395,0.7617975227761286,0.00010236462278634395,0.0,0.8586344559320299
10,0.853618589415498,0.7617975227761286,0.0,0.0,0.7617975227761286,0.0,0.0,0.7617975227761286,0.0,0.0,0.7617975227761286,0.0,0.0,0.7617975227761286,0.0,0.0,0.8586344559320299
15,0.8555635172484389,0.7617975227761286,0.0,0.0,0.7617975227761286,0.0,0.0,0.7617975227761286,0.0,0.0,0.7617975227761286,0.0,0.0,0.7617975227761286,0.0,0.0,0.8586344559320299
20,0.8537209540382844,0.7617975227761286,0.0,0.0,0.7617975227761286,0.0,0.0,0.7617975227761286,0.0,0.0,0.7617975227761286,0.0,0.0,0.7617975227761286,0.0,0.0,0.8586344559320299
25,0.8527996724332071,0.7617975227761286,0.0,0.0,0.7617975227761286,0.0,0.0,0.7617975227761286,0.0,0.0,0.7617975227761286,0.0,0.0,0.7617975227761286,0.0,0.0,0.8586344559320299
