Dimension,PCA,Eps = 1.0,Eps = 1.0 25,Eps = 1.0 75,Eps = 2.0,Eps = 2.0 25,Eps = 2.0 75,Eps = 3.0,Eps = 3.0 25,Eps = 3.0 75,Eps = 4.0,Eps = 4.0 25,Eps = 4.0 75,Eps = 5.0,Eps = 5.0 25,Eps = 5.0 75,Original Features
10,0.9231884057971015,0.7115942028985507,0.0,0.0,0.7115942028985507,0.0,0.0,0.7115942028985507,0.0,0.0,0.7115942028985507,0.0,0.0,0.7115942028985507,0.0,0.0,0.9753623188405797
20,0.9514492753623188,0.7115942028985507,0.0,0.0,0.7115942028985507,0.0,0.0,0.7115942028985507,0.0,0.0,0.7115942028985507,0.0,0.0,0.7115942028985507,0.0,0.0,0.9753623188405797
30,0.9594202898550724,0.7115942028985507,0.17826086956521736,0.0,0.7115942028985507,0.0,0.0,0.7115942028985507,0.0,0.0,0.7115942028985507,0.0,0.0,0.7115942028985507,0.0,0.0,0.9753623188405797
40,0.9637681159420289,0.7115942028985507,0.24420289855072458,0.0,0.7115942028985507,0.0,0.0,0.7115942028985507,0.0,0.0,0.7115942028985507,0.0,0.0,0.7115942028985507,0.0,0.0,0.9753623188405797
50,0.967391304347826,0.7115942028985507,0.20072463768115933,0.0,0.7115942028985507,0.0,0.0,0.7115942028985507,0.0,0.0,0.7115942028985507,0.0,0.0,0.7115942028985507,0.0,0.0,0.9753623188405797
