Dimension,PCA,Eps = 1.0,Eps = 1.0 25,Eps = 1.0 75,Eps = 2.0,Eps = 2.0 25,Eps = 2.0 75,Eps = 3.0,Eps = 3.0 25,Eps = 3.0 75,Eps = 4.0,Eps = 4.0 25,Eps = 4.0 75,Eps = 5.0,Eps = 5.0 25,Eps = 5.0 75,Original Features
5,0.9985815602836879,0.9177304964539007,0.008510638297872353,0.00756501182033098,0.9721040189125295,0.0014184397163120588,0.001891252955082745,0.984869976359338,0.0014184397163120588,0.0009456264775413725,0.9891252955082742,0.00047281323877068626,0.00047281323877068626,0.991016548463357,0.00047281323877068626,0.00047281323877068626,0.9995271867612293
10,0.9990543735224586,0.7418439716312056,0.024586288416075575,0.027423167848699803,0.9219858156028369,0.007092198581560294,0.004255319148936176,0.9602836879432625,0.0023640661938534313,0.003782505910165379,0.9754137115839243,0.0014184397163120588,0.003309692671394804,0.983451536643026,0.0014184397163120588,0.0014184397163120588,0.9995271867612293
15,0.9990543735224586,0.6184397163120567,0.043498817966903025,0.026004728132387744,0.8453900709219858,0.01749408983451539,0.008510638297872353,0.9205673758865248,0.008037825059101666,0.007092198581560294,0.9546099290780142,0.006619385342789608,0.004728132387706863,0.9687943262411347,0.00378250591016549,0.001891252955082745,0.9995271867612293
20,0.9995271867612293,0.5758865248226951,0.024113475177305,0.03309692671394793,0.7640661938534279,0.02789598108747049,0.028841607565011862,0.8652482269503546,0.008983451536643039,0.008983451536643039,0.91725768321513,0.006619385342789608,0.004255319148936176,0.9479905437352246,0.009456264775413725,0.00378250591016549,0.9995271867612293
25,0.9990543735224586,0.5763593380614658,0.020803782505910196,0.01891252955082734,0.6737588652482269,0.023640661938534202,0.03924349881796696,0.8,0.014657210401891274,0.023167848699763516,0.8732860520094563,0.010874704491725784,0.010401891252955098,0.9111111111111111,0.010874704491725784,0.005673758865248235,0.9995271867612293
