Dimension,RFF Real,RFF Real 25,RFF Real 75,Eps = 1.0,Eps = 1.0 25,Eps = 1.0 75,Eps = 2.0,Eps = 2.0 25,Eps = 2.0 75,Eps = 3.0,Eps = 3.0 25,Eps = 3.0 75,Eps = 4.0,Eps = 4.0 25,Eps = 4.0 75,Eps = 5.0,Eps = 5.0 25,Eps = 5.0 75,Original Features
5,0.9134751773049645,0.02789598108747049,0.024586288416075686,0.6803782505910165,0.09361702127659577,0.058628841607564985,0.7541371158392435,0.0647754137115839,0.07659574468085106,0.7829787234042553,0.0515366430260048,0.07848699763593381,0.8052009456264776,0.06808510638297882,0.07706855791962175,0.8302600472813239,0.06619385342789597,0.050118203309692744,0.9995271867612293
10,0.9725768321513002,0.008983451536643039,0.008037825059101666,0.6661938534278959,0.06666666666666665,0.04160756501182039,0.7125295508274232,0.07565011820330969,0.04018912529550822,0.7806146572104019,0.04964539007092206,0.03167848699763587,0.806146572104019,0.05200945626477549,0.019858156028368712,0.8231678486997636,0.06761229314420802,0.050118203309692744,0.9995271867612293
15,0.9877068557919622,0.00378250591016549,0.0028368794326241176,0.5768321513002365,0.04397163120567382,0.06619385342789597,0.6936170212765957,0.04018912529550822,0.07375886524822695,0.7583924349881797,0.0444444444444444,0.046335697399527254,0.8033096926713948,0.046335697399527254,0.03782505910165479,0.8368794326241135,0.048699763593380574,0.05768321513002361,0.9995271867612293
20,0.9933806146572104,0.0028368794326241176,0.0009456264775413725,0.5829787234042553,0.05531914893617018,0.025531914893617058,0.6907801418439716,0.062411347517730476,0.0444444444444444,0.706855791962175,0.04680851063829794,0.03498817966903067,0.7380614657210401,0.045862884160756456,0.06382978723404265,0.7976359338061466,0.07044917257683214,0.03546099290780136,0.9995271867612293
25,0.9957446808510638,0.0009456264775413725,0.0009456264775413725,0.6018912529550827,0.07139479905437351,0.04680851063829794,0.658628841607565,0.05579196217494087,0.09976359338061469,0.6855791962174941,0.05910165484633567,0.06619385342789597,0.7465721040189125,0.06335697399527185,0.06619385342789597,0.783451536643026,0.026950354609929117,0.033569739952718614,0.9995271867612293
