Dimension,Bdwth = 10,Bdwth = 10 25,Bdwth = 10 75,Bdwth = 20,Bdwth = 20 25,Bdwth = 20 75,Bdwth = 30,Bdwth = 30 25,Bdwth = 30 75,Bdwth = 40,Bdwth = 40 25,Bdwth = 40 75,Bdwth = 50,Bdwth = 50 25,Bdwth = 50 75,Original Features
5,0.4256430556870305,0.010937755479634825,0.011531543936042943,0.4325447707890502,0.008252798981093434,0.013123585449601127,0.4361161071573023,0.010679586585544243,0.008631446692426159,0.44427424421056255,0.01644535855356577,0.008037658236017986,0.4349027133550769,0.009560854711152034,0.025782466889839317,0.9682280147672607
10,0.4281214770702994,0.0008863798697107961,0.0025042382726779833,0.4411331893324613,0.004776124540674553,0.003863927781554699,0.4658571637565295,0.008863798697107628,0.005025687804961987,0.45769042107346625,0.005077321583780103,0.011152896224710218,0.4484135521458138,0.006350954794626662,0.007598771116064107,0.9682280147672607
15,0.43025567326144765,0.0008003235716805834,0.0012047881724223664,0.4747812018622583,0.005060110324174083,0.0094575871535158,0.4975775152104507,0.006970560140443893,0.006066969011127021,0.4893935612677814,0.008510967875183961,0.0052580398096434555,0.4632668691858214,0.004302814901508578,0.005645293150779218,0.9682280147672607
20,0.4337495589614726,0.0014285345473008526,0.0009638305379379153,0.5146166622204246,0.0047158851320533435,0.0052580398096434555,0.5397020730962195,0.005851828266051684,0.007073827698080071,0.5058217085617411,0.0032012942867224448,0.006531673020489959,0.4811149453972789,0.004810547059886594,0.004104885416039206,0.9682280147672607
25,0.4395669647083122,0.0012219994320284422,0.0010843093551801686,0.5582644165813275,0.01019767131657534,0.006437011092656819,0.5513282789600957,0.00397580096899397,0.0042597867524935,0.5145822397012125,0.006325137905217604,0.007667616154488299,0.4862869289088922,0.00601533523230896,0.006445616722459857,0.9682280147672607
