Dimension,RFF Binary,RFF Binary 25,RFF Binary 75,Eps = 1.0,Eps = 1.0 25,Eps = 1.0 75,Eps = 2.0,Eps = 2.0 25,Eps = 2.0 75,Eps = 3.0,Eps = 3.0 25,Eps = 3.0 75,Eps = 4.0,Eps = 4.0 25,Eps = 4.0 75,Eps = 5.0,Eps = 5.0 25,Eps = 5.0 75,Original Features
5,0.918659587101882,0.013622711978176105,0.008218376461881394,0.48701840744214864,0.1203927609442097,0.0,0.48701840744214864,0.1203927609442097,0.0,0.48701840744214864,0.09495451924649106,0.0,0.48701840744214864,0.01373458516561532,0.0,0.48701840744214864,0.07094481209607323,0.0,0.9694241973098802
10,0.9601903565312427,0.0033820125125857414,0.0019879004844969295,0.36662564649793894,0.0,0.1203927609442097,0.48701840744214864,0.1203927609442097,0.0,0.48701840744214864,0.1203927609442097,0.0,0.48701840744214864,0.1203927609442097,0.0,0.48701840744214864,0.02972384533962119,0.0,0.9694241973098802
15,0.9638649604571311,0.0023235200468146866,0.00202232300370897,0.48701840744214864,0.1203927609442097,0.0,0.36662564649793894,0.0,0.1203927609442097,0.48701840744214864,0.1203927609442097,0.0,0.46887773981738856,0.10225209331944962,0.018140667624760076,0.48701840744214864,0.0950491811743242,0.0,0.9694241973098802
20,0.9661024242059155,0.0015920415135581845,0.001480168326118969,0.36662564649793894,0.0,0.1203927609442097,0.48701840744214864,0.1203927609442097,0.0,0.36662564649793894,0.0,0.1203927609442097,0.36662564649793894,0.0,0.1203927609442097,0.41646084868721117,0.04983520218927223,0.07055755875493747,0.9694241973098802
25,0.9686238737381996,0.0014543514367099108,0.0010068586869529383,0.36662564649793894,0.0,0.1203927609442097,0.36662564649793894,0.0,0.1203927609442097,0.36662564649793894,0.0,0.1203927609442097,0.36662564649793894,0.0,0.1203927609442097,0.48701840744214864,0.1203927609442097,0.0,0.9694241973098802
