Dimension,Bdwth = 250,Bdwth = 250 25,Bdwth = 250 75,Bdwth = 375,Bdwth = 375 25,Bdwth = 375 75,Bdwth = 500,Bdwth = 500 25,Bdwth = 500 75,Bdwth = 625,Bdwth = 625 25,Bdwth = 625 75,Bdwth = 750,Bdwth = 750 25,Bdwth = 750 75,Original Features
5,0.4360558677486812,0.013958331540493807,0.026866776245019486,0.4267789988210287,0.016221612178687284,0.01366574012719124,0.4236723664621395,0.026014818894520786,0.02528334036126434,0.43061710971317435,0.016075316472035972,0.02937101451769747,0.4325447707890502,0.02356221440066092,0.035420772269218526,0.9698975069490461
10,0.42694250578728604,0.017916921249881645,0.0071512783663072454,0.4334053337693519,0.004397476829341773,0.004578195055205125,0.42679621008063473,0.009509220932333917,0.012547008252798975,0.42949837783878214,0.0052666454394464934,0.005490391814324924,0.43331927747132176,0.004965448396340888,0.00901009440375894,0.9698975069490461
15,0.42967049043484246,0.003820899632539565,0.003080815469480136,0.42885295560355585,0.0031926886569193513,0.005283856699052514,0.42695971704689206,0.0025128439024809657,0.006393982943641741,0.43150348958288515,0.004560983795599105,0.005335490477870575,0.4288701668631619,0.0017641541096184987,0.0018760272970577696,0.9698975069490461
20,0.42784609691660286,0.0022116468593754157,0.002891491613813746,0.42684784385945285,0.002228858118981436,0.0027796184263745305,0.42729533660920976,0.002641928349526257,0.0009896474273469735,0.4269683226766951,0.0031496605079042728,0.0019018441864667723,0.42815589958951145,0.001437140177103835,0.001282238840649541,0.9698975069490461
25,0.428422674113405,0.0013596895088767158,0.0011359431339982295,0.42847430789222307,0.0015748302539521086,0.0006798447544383857,0.42798378699345113,0.0008691686101047202,0.0015231964751339921,0.4272178859409826,0.0014199289174978147,0.0025386607918900794,0.427407209796649,0.001643675292376301,0.000998253057149956,0.9698975069490461
