Dimension,RFF Binary,RFF Binary 25,RFF Binary 75,Eps = 1.0,Eps = 1.0 25,Eps = 1.0 75,Eps = 2.0,Eps = 2.0 25,Eps = 2.0 75,Eps = 3.0,Eps = 3.0 25,Eps = 3.0 75,Eps = 4.0,Eps = 4.0 25,Eps = 4.0 75,Eps = 5.0,Eps = 5.0 25,Eps = 5.0 75,Original Features
5,0.8731702279631335,0.028897704878531494,0.022942609054843688,0.48701840744214864,0.1203927609442097,0.0,0.48701840744214864,0.1203927609442097,0.0,0.48701840744214864,0.1203927609442097,0.0,0.48701840744214864,0.1203927609442097,0.0,0.38806227033725466,0.021436623839315716,0.09895613710489398,0.9692692959734258
10,0.953288641429223,0.006609123688717133,0.002710773387950449,0.48701840744214864,0.1203927609442097,0.0,0.48701840744214864,0.1203927609442097,0.0,0.48701840744214864,0.09816441916301644,0.0,0.48701840744214864,0.1203927609442097,0.0,0.48701840744214864,0.1203927609442097,0.0,0.9692692959734258
15,0.9612574546268169,0.004793335800280518,0.0025902945707081404,0.48701840744214864,0.0,0.0,0.48701840744214864,0.1203927609442097,0.0,0.48701840744214864,0.1203927609442097,0.0,0.4261335765858024,0.05950793008786348,0.06088483085634622,0.48701840744214864,0.1203927609442097,0.0,0.9692692959734258
20,0.9634518902265863,0.0013424782492706955,0.002435393234253791,0.48701840744214864,0.0,0.0,0.48701840744214864,0.1203927609442097,0.0,0.48701840744214864,0.1203927609442097,0.0,0.48701840744214864,0.1203927609442097,0.0,0.47938521380687243,0.1127595673089335,0.007633193635276203,0.9692692959734258
25,0.96534512878325,0.0016006471433611669,0.000791717941877601,0.48701840744214864,0.1203927609442097,0.0,0.36662564649793894,0.0,0.1203927609442097,0.48701840744214864,0.1203927609442097,0.0,0.48701840744214864,0.1203927609442097,0.0,0.48701840744214864,0.1203927609442097,0.0,0.9692692959734258
