Dimension,Bdwth = 250,Bdwth = 250 25,Bdwth = 250 75,Bdwth = 375,Bdwth = 375 25,Bdwth = 375 75,Bdwth = 500,Bdwth = 500 25,Bdwth = 500 75,Bdwth = 625,Bdwth = 625 25,Bdwth = 625 75,Bdwth = 750,Bdwth = 750 25,Bdwth = 750 75,Original Features
5,0.489221448671721,1.7211259606020324e-05,0.0,0.489221448671721,1.7211259606020324e-05,0.0,0.489221448671721,3.442251921204065e-05,0.0,0.48921284304191803,1.7211259606020324e-05,8.605629802982406e-06,0.489204237412115,2.581688940905824e-05,1.7211259606020324e-05,0.9708097037081659
10,0.4888428009603883,0.00017211259606036977,0.0001290844470452357,0.4887997728113732,6.02394086211544e-05,0.0001376900768482736,0.4887309277729491,0.00012047881724225329,0.00011187318743921537,0.4887653502921611,0.0001979294854693725,6.88450384241368e-05,0.4887825615517672,0.0001893238556663901,0.00020653511527241042,0.9708097037081659
15,0.4855984785246508,0.0012994501002555614,0.0009810417975439356,0.48610621068302884,0.0044232937187508314,0.001135943133998285,0.4855468447458327,0.0020825624123301245,0.0012736332108465587,0.4860201543849987,0.0005765771968021527,0.000998253057149956,0.4857791967505142,0.0019018441864667723,0.001480168326118969,0.9708097037081659
20,0.4767002573083311,0.00361436451726721,0.002994759171449979,0.4780255242979958,0.0055592368527491165,0.004182336084266325,0.4763904546354225,0.003244322435737468,0.003158266137707255,0.47727683450513325,0.008975671884546843,0.003184083027116369,0.4738345825839264,0.004965448396340888,0.0036487870364792507,0.9708097037081659
25,0.45728595647272446,0.004492138757174968,0.00902730566336496,0.46005696926929596,0.010610741547120106,0.006540278650293052,0.4615199263358089,0.01065376969613524,0.005378518626885709,0.4612961799609304,0.009526432191939938,0.005662504410385294,0.4597988003752055,0.006256292866793467,0.0069533488808378174,0.9708097037081659
