Dimension,Bdwth = 10,Bdwth = 10 25,Bdwth = 10 75,Bdwth = 20,Bdwth = 20 25,Bdwth = 20 75,Bdwth = 30,Bdwth = 30 25,Bdwth = 30 75,Bdwth = 40,Bdwth = 40 25,Bdwth = 40 75,Bdwth = 50,Bdwth = 50 25,Bdwth = 50 75,Original Features
20,0.5298196110047365,0.0007961302025597528,0.00167288118512543,0.6120326514159025,0.008041922805603119,0.005371359467902792,0.6389700695354228,0.008696966643152337,0.0027310289227048257,0.6170916053612818,0.006832611105512365,0.0035372367227652912,0.594880580469616,0.0057139977829284705,0.004353522120326581,0.9762067923007155
40,0.5761160939232087,0.0019953643051496828,0.0025697873626927548,0.7336793308475259,0.003547314320266004,0.003557391917766828,0.7156101985286708,0.006318653632973903,0.006348886425476152,0.660919076892069,0.0027411065202056495,0.007497732540562296,0.6210420235815781,0.0031039000302327535,0.0037690214652826848,0.9762067923007155
60,0.5807719439685579,0.0019550539151466095,0.0027914945077093245,0.7606570593570493,0.002096140280157255,0.004222513352816648,0.7437367731532802,0.005532601027914974,0.005431825052907402,0.6925627330444422,0.002610097752695717,0.0037690214652826848,0.6504686082837852,0.002297692230172399,0.0059760153179482245,0.9762067923007155
80,0.5845409654338406,0.0017131915751285032,0.0013100876750982149,0.7788773556384158,0.0017535019651314654,0.002297692230172399,0.7527965333064598,0.002348080217676185,0.003547314320266004,0.7090597601531795,0.006681447143001118,0.0018542779401390375,0.6617655950821324,0.0014713292351102858,0.004061271792804577,0.9762067923007155
100,0.5862541570089691,0.0026806409352010396,0.0019248211226443601,0.7862340018139675,0.005341126675400543,0.002307769827673112,0.7594779804494608,0.004232590950317361,0.001884510732641398,0.7130504887634788,0.004373677315328006,0.004061271792804577,0.6736168497430213,0.004585306862843863,0.0024790889851858955,0.9762067923007155
