Dimension,Bdwth = 10,Bdwth = 10 25,Bdwth = 10 75,Bdwth = 20,Bdwth = 20 25,Bdwth = 20 75,Bdwth = 30,Bdwth = 30 25,Bdwth = 30 75,Bdwth = 40,Bdwth = 40 25,Bdwth = 40 75,Bdwth = 50,Bdwth = 50 25,Bdwth = 50 75,Original Features
5,0.5150600280703171,0.007492149398709569,0.011531043953269982,0.5252986257661278,0.011510849480497187,0.009006734856669696,0.5330129143653382,0.02383957510829282,0.01281339297434303,0.5390914506699517,0.02017427830002938,0.013045629411230109,0.5334975817118854,0.011268515807223545,0.010602098205721111,0.9757565354362511
10,0.5212395367387946,0.002059836222825906,0.0020800306955985892,0.5397275765622949,0.005927077758817401,0.004452881246402862,0.5625271363227885,0.008693720528691329,0.00759312176257354,0.5536112765935963,0.005260660157314967,0.0039581166634692355,0.548138574472167,0.005906883286044606,0.008946151438351313,0.9757565354362511
15,0.5228046083786868,0.0008784595656169403,0.0020396417500530006,0.5703423972858629,0.006684370487797575,0.003624907862717963,0.5998061330613811,0.00827973383684888,0.004220644809515672,0.5765421004271131,0.0034431576077627035,0.004664923210517258,0.5606288558821451,0.005856397104112565,0.0030392681523067067,0.9757565354362511
20,0.5262275715136767,0.0013227379666185257,0.0010400153477992946,0.6104688146854206,0.003574421680785922,0.004432686773630068,0.6296232721104233,0.0037561719357411816,0.0054727021214293625,0.6011490655007724,0.004362006118925232,0.0037056857538092514,0.5691812151014267,0.0029281985520562825,0.006411745105364686,0.9757565354362511
25,0.5339014711673415,0.002918101315669941,0.0009390429839352121,0.6443551399981825,0.002292072659713096,0.00397831113624203,0.647313630259398,0.0059876611771358945,0.007976816745256743,0.6065308924947241,0.0057857164494077296,0.004977937538495736,0.5779153245756636,0.0056443551399981695,0.005038520956814119,0.9757565354362511
