Dimension,RFF Real,RFF Real 25,RFF Real 75,Eps = 1.0,Eps = 1.0 25,Eps = 1.0 75,Eps = 2.0,Eps = 2.0 25,Eps = 2.0 75,Eps = 3.0,Eps = 3.0 25,Eps = 3.0 75,Eps = 4.0,Eps = 4.0 25,Eps = 4.0 75,Eps = 5.0,Eps = 5.0 25,Eps = 5.0 75,Original Features
5,0.6399729939437911,0.019166238398984237,0.015276560153974827,0.571188165704324,0.0,0.0,0.571188165704324,0.0,0.0,0.571188165704324,0.0,0.0,0.571188165704324,0.0,0.00555236454145136,0.573757771798825,0.0025696060945010757,0.012434878120056059,0.775235043380997
10,0.6982375525257717,0.02941443211705319,0.03366687828128612,0.571188165704324,0.0,0.0,0.571188165704324,0.0,0.0,0.571188165704324,0.0,0.0,0.571188165704324,0.0,0.003023065993530638,0.5745336920704979,0.003345526366173912,0.007376281024214837,0.775235043380997
15,0.7197013210798392,0.03675040559468745,0.01458125497546281,0.571188165704324,0.0,0.0,0.571188165704324,0.0,0.0,0.571188165704324,0.0,0.0,0.571188165704324,0.0,0.002055684875600816,0.5768513759988714,0.005663210294547416,0.008303354595564194,0.775235043380997
20,0.7277628303959208,0.00675151405221841,0.015256406380684706,0.571188165704324,0.0,0.0,0.571188165704324,0.0,0.0,0.571188165704324,0.0,0.0,0.571188165704324,0.0,0.0029424509003698196,0.5725989298346383,0.0014107641303143792,0.0053609036951942635,0.775235043380997
25,0.7446416155264669,0.014420024789141062,0.005995747553835806,0.571188165704324,0.0,0.0,0.571188165704324,0.0,0.0,0.571188165704324,0.0,0.0,0.571188165704324,0.0,0.00010076886645105088,0.5718834708828361,0.000644920745286548,0.004010600884750581,0.775235043380997
