Dimension,RFF Real,RFF Real 25,RFF Real 75,Eps = 1.0,Eps = 1.0 25,Eps = 1.0 75,Eps = 2.0,Eps = 2.0 25,Eps = 2.0 75,Eps = 3.0,Eps = 3.0 25,Eps = 3.0 75,Eps = 4.0,Eps = 4.0 25,Eps = 4.0 75,Eps = 5.0,Eps = 5.0 25,Eps = 5.0 75,Original Features
5,0.9080685631367332,0.005612825861321835,0.014470409222366754,0.5218114211433236,0.008726583834658408,0.008202585729113143,0.5246027187440169,0.008716506948013403,0.004836905589648999,0.5344478369962816,0.005129135302356924,0.009139736187107617,0.5318076926952648,0.0027812207140481826,0.010419500791035596,0.5417233491540454,0.010883037576710386,0.008303354595564083,0.9757147031853038
10,0.9640456684502756,0.0038997551316545254,0.0025192216612754947,0.5228795711277043,0.011900803127865567,0.01609278797222813,0.5332789181454498,0.012626338966313044,0.01069157673045329,0.5243810272378246,0.007809587149954167,0.008484738555175952,0.5263863276801999,0.008918044680915393,0.014591331862107926,0.5420055019801082,0.007456896117375544,0.012273647933734422,0.9757147031853038
15,0.9691949575259228,0.0017332245029575422,0.0013906103570241468,0.5189697391094048,0.008817275814464454,0.011225651722643781,0.5295000856535365,0.012182955953928487,0.006973205558410744,0.5281900903896732,0.010137347964972787,0.014792869595009916,0.5327851506998398,0.01150780454870659,0.004786521156423529,0.543859649122807,0.015790481372875087,0.011618650301802758,0.9757147031853038
20,0.9712707961748138,0.0008162278182533012,0.0009976117778651705,0.5215191914306156,0.015276560153974827,0.017040015316867607,0.5209851164384252,0.019992543103882543,0.010500115884196415,0.5382065157149047,0.015740096939649506,0.00846458478188572,0.5263157894736842,0.024748833600370834,0.011910880014510794,0.5375112105363927,0.01737255257615611,0.014329332809335127,0.9757147031853038
25,0.972570714552032,0.001289841490573096,0.0008968429114140086,0.5216703447302922,0.010983806443161326,0.011527958321996823,0.5288249342483147,0.017836089361830787,0.015296713927264949,0.5360198313129175,0.011094652196257382,0.014097564416497899,0.523141570180477,0.016455555891451756,0.026351058576942088,0.5383475921279361,0.01516571440087866,0.007275512157763786,0.9757147031853038
