Dimension,RFF Real,RFF Real 25,RFF Real 75,Eps = 1.0,Eps = 1.0 25,Eps = 1.0 75,Eps = 2.0,Eps = 2.0 25,Eps = 2.0 75,Eps = 3.0,Eps = 3.0 25,Eps = 3.0 75,Eps = 4.0,Eps = 4.0 25,Eps = 4.0 75,Eps = 5.0,Eps = 5.0 25,Eps = 5.0 75,Original Features
5,0.9248240272265479,0.00438290867593738,0.010290746407327744,0.5396835014794842,0.011341028670686093,0.004150634713848578,0.548126155058018,0.0043526120721867345,0.004897950939699691,0.5518425384514396,0.004534391694691053,0.00895769584229611,0.5572252350511507,0.003999151695094905,0.003453812827582059,0.5670615324022177,0.006029024146393169,0.005281707920542167,0.9763080558669374
10,0.9661384958746124,0.0010199856596074808,0.0023429373567223077,0.5518021429797719,0.01118954565193242,0.007261086032255837,0.5532159844881389,0.005312004524292813,0.004786863392613694,0.5638803890083922,0.008796113955625628,0.003776976600923021,0.5663546116480342,0.00378707546883994,0.005857343391805769,0.5729592712656911,0.005433190939295729,0.006049221882227007,0.9763080558669374
15,0.9701275487017905,0.0006160309429312782,0.0029084739600691023,0.5504185980751558,0.009543430181476742,0.00868502640853952,0.5583361105220105,0.007089405277668326,0.005200916977206815,0.5636683127821371,0.00559477282596621,0.0045141939588572155,0.5637491037254724,0.00327203320507774,0.00791751244685468,0.5711111784368972,0.0056654649013845315,0.004928247543450448,0.9763080558669374
20,0.9727532543601862,0.0013330505650316349,0.0012219630179456376,0.5440159158158371,0.005715959240969126,0.008846608295210112,0.5511154199614223,0.009866593954817704,0.014098019612001522,0.5561042607123742,0.006796538108078121,0.0053322022601266506,0.5626483271225295,0.007028812070166923,0.004079942638430256,0.5734945112652872,0.004463699619272732,0.006968218862665521,0.9763080558669374
25,0.9747730279435676,0.0006766241504327919,0.0012219630179456376,0.5522464931681158,0.013522384140737809,0.007422667918926318,0.5467729067571525,0.006220902636814407,0.00663495622140764,0.557417113541572,0.0038678664121751805,0.008422455842700072,0.5573767180699044,0.011128952444431017,0.009078882257298915,0.5633148524050454,0.005655366033467724,0.007341876975590966,0.9763080558669374
