Dimension,PCA,Eps = 1.0,Eps = 1.0 25,Eps = 1.0 75,Eps = 2.0,Eps = 2.0 25,Eps = 2.0 75,Eps = 3.0,Eps = 3.0 25,Eps = 3.0 75,Eps = 4.0,Eps = 4.0 25,Eps = 4.0 75,Eps = 5.0,Eps = 5.0 25,Eps = 5.0 75,Original Features
5,1.0,0.6128460686600221,0.3067552602436323,0.12447397563676632,0.6369878183831672,0.11605758582502768,0.08106312292358808,0.5492801771871539,0.06046511627906975,0.09900332225913622,0.5940199335548173,0.04363233665559252,0.07353266888150611,0.6733111849390919,0.029900332225913595,0.014839424141749769,1.0
10,1.0,0.7067552602436323,0.4788482834994463,0.06400885935769662,0.5902547065337763,0.14263565891472868,0.15858250276854924,0.5490586932447398,0.17585825027685492,0.22901439645625687,0.6436323366555925,0.21483942414174972,0.13156146179401995,0.4795127353266888,0.15592469545957915,0.19424141749723145,1.0
15,1.0,0.5503875968992248,0.32491694352159467,0.22104097452934668,0.4380952380952381,0.18095238095238098,0.27796234772978956,0.5153931339977852,0.2959025470653378,0.27796234772978956,0.6943521594684385,0.21373200442967882,0.09102990033222591,0.5534883720930233,0.23964562569213732,0.15769656699889256,1.0
20,1.0,0.39623477297895904,0.16699889258028794,0.3745293466223699,0.24008859357696566,0.015725359911406417,0.45603543743078623,0.5435215946843854,0.32336655592469554,0.21151716500553708,0.7089700996677741,0.375858250276855,0.07973421926910296,0.6761904761904762,0.3410852713178295,0.08372093023255811,1.0
25,1.0,0.7672203765227021,0.537984496124031,0.0035437430786268154,0.5554817275747508,0.2994462901439645,0.21528239202657817,0.5654485049833887,0.37807308970099673,0.22657807308970102,0.4407530454042082,0.13842746400885936,0.33444075304540427,0.47375415282392025,0.16079734219269104,0.2285714285714286,1.0
