Dimension,RFF Real,RFF Real 25,RFF Real 75,Eps = 1.0,Eps = 1.0 25,Eps = 1.0 75,Eps = 2.0,Eps = 2.0 25,Eps = 2.0 75,Eps = 3.0,Eps = 3.0 25,Eps = 3.0 75,Eps = 4.0,Eps = 4.0 25,Eps = 4.0 75,Eps = 5.0,Eps = 5.0 25,Eps = 5.0 75,Original Features
1,0.5989262799528611,0.01741521539871682,0.05879271965431454,0.5394788529527301,0.014010737200471413,0.036401728427392976,None,None,None,0.581380123084981,0.025533586486840343,0.05028152415870113,None,None,None,0.5885819038889616,0.02370040591855438,0.05316223648029339,1.0
5,0.9990914990266061,0.003114860480207704,0.0009085009733938998,0.5931213497728748,0.0480207657365348,0.026476314081765095,0.6565866320571058,0.041401687216093386,0.04555483452303699,0.7072031148604802,0.05204412719013618,0.08176508760545109,0.7714471122647631,0.08436080467229068,0.06229720960415319,0.7788449059052563,0.05645684620376379,0.08955223880597007,1.0
10,1.0,0.0,0.0,0.5648280337443219,0.012848799480856599,0.06878650227125238,0.6693056456846204,0.07112264763140819,0.0323166774821545,0.7169370538611292,0.04841012329656069,0.032835820895522394,0.7652173913043478,0.05476963011031799,0.03698896820246589,0.8058403634003893,0.027255029201816994,0.0211550940947437,1.0
15,1.0,0.0,0.0,0.5880597014925373,0.07774172615184938,0.038546398442569796,0.691239454899416,0.05087605451005839,0.0386761842959118,0.7053861129136924,0.04192083062946128,0.07605451005840369,0.7614536015574302,0.05723556132381569,0.05178455548345229,0.781310837118754,0.03776768332251779,0.061778066190785186,1.0
20,1.0,0.0,0.0,0.5512005191434134,0.04438676184295909,0.06696950032446458,0.6253082414016872,0.05840363400389348,0.0689162881245945,0.6629461388708631,0.03504218040233609,0.06035042180402339,0.7306943543153797,0.039325113562621694,0.07813108371187538,0.773393900064893,0.03906554185593769,0.03685918234912389,1.0
25,1.0,0.0,0.0,0.5903958468526931,0.08565866320571058,0.06709928617780658,0.6678780012978586,0.0341336794289423,0.06476314081765089,0.6829331602855289,0.03270603504218039,0.05191434133679429,0.7617131732641143,0.042180402336145395,0.04256975989617129,0.7706683971447112,0.035691109669046095,0.030240103828682696,1.0
