Dimension,RFF Real,RFF Real 25,RFF Real 75,Eps = 1.0,Eps = 1.0 25,Eps = 1.0 75,Eps = 2.0,Eps = 2.0 25,Eps = 2.0 75,Eps = 3.0,Eps = 3.0 25,Eps = 3.0 75,Eps = 4.0,Eps = 4.0 25,Eps = 4.0 75,Eps = 5.0,Eps = 5.0 25,Eps = 5.0 75,Original Features
5,0.9401958189997354,0.0690658904472082,0.0481608891241068,0.7642233395078063,0.0625826938343476,0.0717120931463349,0.8383170150833554,0.0797830113786716,0.0347975654935167,0.8204551468642498,0.0395607303519449,0.0531886742524477,0.8343477110346652,0.0705213019317279,0.0443238952103731,0.8093410955279174,0.031754432389521,0.082296903942842,1.0
10,0.9998676898650436,0.0003969304048691,0.0001323101349562,0.836200052924054,0.0844138661021434,0.0572902884360941,0.8430801799417835,0.0320190526594337,0.0485578195289759,0.8400370468377878,0.0373114580576872,0.060730351944959,0.8388462556231807,0.0213019317279703,0.0541148451971421,0.8404339772426568,0.0238158242921407,0.0545117756020111,1.0
15,0.9998676898650436,0.0001323101349564,0.0001323101349562,0.8436094204816089,0.0609949722148717,0.0474993384493251,0.8946811325747552,0.0373114580576872,0.0169356972744112,0.9006350886477904,0.0551733262767928,0.0149510452500661,0.8920349298756285,0.0394284202169886,0.0158772161947604,0.8934903413601482,0.0293728499603069,0.0169356972744112,1.0
20,1.0,0.0001323101349562,0.0,0.7595924847843345,0.0535856046573167,0.102672664726118,0.8735115109817412,0.0459116168298491,0.0375760783275999,0.8559142630325483,0.0406192114315956,0.0359883567081238,0.8576342947869807,0.0293728499603069,0.0326806033342154,0.8494310664196878,0.0326806033342154,0.0514686424980153,1.0
25,1.0,0.0001323101349562,0.0,0.7921407779835935,0.0890447208256152,0.0563641174913999,0.854988092087854,0.0463085472347182,0.0152156655199787,0.8719237893622651,0.0263297168563111,0.0271235776660492,0.8541942312781159,0.0382376290023815,0.0388991796771632,0.8502249272294258,0.0228896533474464,0.0345329452236041,1.0
