Dimension,PCA,Eps = 1.0,Eps = 1.0 25,Eps = 1.0 75,Eps = 2.0,Eps = 2.0 25,Eps = 2.0 75,Eps = 3.0,Eps = 3.0 25,Eps = 3.0 75,Eps = 4.0,Eps = 4.0 25,Eps = 4.0 75,Eps = 5.0,Eps = 5.0 25,Eps = 5.0 75,Original Features
5,0.9998697747102487,0.8161218908712072,0.21044406823805184,0.082562833702305,0.9223857273082433,0.02422190389373624,0.016017710639406157,0.9356687068628727,0.011720276077614278,0.007292616226071136,0.9525979945305378,0.010938924339106704,0.013803880713634586,0.970569084516213,0.010548248469852806,0.0071623909363198734,1.0
10,0.9998697747102487,0.5452532881885662,0.0,0.0,0.7230108086990493,0.1767157181924729,0.12189087120718844,0.8812345357468421,0.027347310847766648,0.038025784607370716,0.9158744628206797,0.026045057950253914,0.02044537049094941,0.9321526240395885,0.02265920041672098,0.00807396796457871,1.0
15,1.0,0.5452532881885662,0.0,0.0,0.5452532881885662,0.0,0.0,0.7123323349394453,0.10847766636280765,0.11212397447584321,0.8919130095064461,0.08894387290011718,0.029170464904284432,0.8796718322698268,0.0532621435082693,0.04557885141294438,1.0
20,1.0,0.5452532881885662,0.0,0.0,0.5452532881885662,0.0,0.0,0.5452532881885662,0.0,0.04518817554369059,0.7622086209141815,0.21578330511785382,0.08725094413335077,0.8303164474540956,0.06927985414767546,0.07878630029951816,1.0
25,1.0,0.5452532881885662,0.0,0.0,0.5452532881885662,0.0,0.0,0.5452532881885662,0.0,0.22138299257715843,0.5452532881885662,0.0,0.21122541997655941,0.7917697616877197,0.11121239744758427,0.08738116942310203,1.0
