Dimension,PCA,Eps = 1.0,Eps = 1.0 25,Eps = 1.0 75,Eps = 3.0,Eps = 3.0 25,Eps = 3.0 75,Eps = 5.0,Eps = 5.0 25,Eps = 5.0 75,Original Features
1,0.8632901242817052,0.5913403715087532,0.0435654149405319,0.055993585460376805,0.7069357209675264,0.06173994387277837,0.07496993184551648,0.6312976079112655,0.05799812909260993,0.07737538420419621,1.0
5,1.0,0.5543231324335159,0.05532540424963245,0.09701991180008018,0.6541494053187225,0.05358813310169719,0.0445008686355739,0.7860483763196578,0.08151810771081114,0.023920887344647923,1.0
10,1.0,0.5495122277161566,0.011759989309100605,0.06254176132567157,0.7039957236402512,0.05171722571161297,0.057597220366163326,0.8182547106775357,0.03755178404383264,0.009488173192569782,1.0
15,1.0,0.5448349592409462,0.01910998262728858,0.010156354403314194,0.6652412134170788,0.08325537885874656,0.06508084992649998,0.8110383536014967,0.02632633970332754,0.034344514232259815,1.0
20,1.0,0.5448349592409462,0.0,0.008819991981825481,0.7007884538286784,0.10597354002405457,0.06254176132567146,0.8072965388213283,0.043164506214085296,0.022450888681010306,1.0
25,1.0,0.5448349592409462,0.005345449685954851,0.0,0.6620339436055058,0.076573566751303,0.03795269277027924,0.7670720299345183,0.05291995189095289,0.066149939863691,1.0
