Dimension,RFF Real,RFF Real 25,RFF Real 75,Eps = 1.0,Eps = 1.0 25,Eps = 1.0 75,Eps = 2.0,Eps = 2.0 25,Eps = 2.0 75,Eps = 3.0,Eps = 3.0 25,Eps = 3.0 75,Eps = 4.0,Eps = 4.0 25,Eps = 4.0 75,Eps = 5.0,Eps = 5.0 25,Eps = 5.0 75,Original Features
5,0.9240976645435244,0.0664808917197451,0.0520169851380042,0.8139596602972399,0.1049628450106157,0.0530785562632696,0.8217887473460722,0.0444532908704883,0.0459129511677282,0.8217887473460722,0.0538747346072187,0.0506900212314225,0.8424893842887473,0.0666135881104034,0.041932059447983,0.8320063694267515,0.0589171974522292,0.0643577494692144,1.0
10,0.9993365180467092,0.0094214437367303,0.0003980891719745,0.8195329087048833,0.0378184713375796,0.0348991507430997,0.8476645435244161,0.0383492569002122,0.0302547770700637,0.8500530785562632,0.0451167728237791,0.0277335456475584,0.8378450106157113,0.0222929936305732,0.0449840764331209,0.8390392781316348,0.0329087048832271,0.0558651804670913,1.0
15,0.9997346072186836,0.0003980891719745,0.0001326963906581,0.7798566878980892,0.1165074309978768,0.0668789808917197,0.8549628450106157,0.0530785562632696,0.0367569002123142,0.8554936305732485,0.0368895966029724,0.0406050955414012,0.8416932059447984,0.0508227176220806,0.042728237791932,0.8321390658174098,0.017515923566879,0.0545382165605095,1.0
20,0.9998673036093418,0.0002653927813163,0.0001326963906581,0.8049363057324841,0.0889065817409766,0.0581210191082802,0.8722133757961783,0.0250796178343948,0.0282643312101911,0.8739384288747346,0.0323779193205945,0.033572186836518,0.8584129511677282,0.0303874734607217,0.0325106157112526,0.8545647558386412,0.0106157112526539,0.0480360934182589,1.0
25,1.0,0.0002653927813163,0.0,0.7769373673036093,0.0675424628450105,0.063296178343949,0.8618630573248408,0.0459129511677283,0.0172505307855626,0.8594745222929936,0.0372876857749469,0.0171178343949045,0.8284235668789809,0.014463906581741,0.0581210191082802,0.8434182590233545,0.0455148619957537,0.0269373673036094,1.0
