Dimension,RFF Real,RFF Real 25,RFF Real 75,Eps = 1.0,Eps = 1.0 25,Eps = 1.0 75,Eps = 2.0,Eps = 2.0 25,Eps = 2.0 75,Eps = 3.0,Eps = 3.0 25,Eps = 3.0 75,Eps = 4.0,Eps = 4.0 25,Eps = 4.0 75,Eps = 5.0,Eps = 5.0 25,Eps = 5.0 75,Original Features
5,0.9976847385683967,0.0052093382211074735,0.0019293845263360643,0.5195832529423114,0.024503183484468505,0.033764229210881735,0.6347675091645765,0.07331661200077177,0.022959675863399642,0.69535018329153,0.029905460158209496,0.047655797800501665,0.7642292108817287,0.0447617210109974,0.022766737410765958,0.7966428709241752,0.04418290565309668,0.03607949064248506,1.0
10,1.0,0.00019293845263357312,0.0,0.5519969129847578,0.054601582095311574,0.07119428902180203,0.5971445109010226,0.048234613158402495,0.04572641327416549,0.6880185220914529,0.052093382211074735,0.029905460158209496,0.7167663515338607,0.024310245031834876,0.026625506463438198,0.7704032413660042,0.022573798958132385,0.02295967586339953,1.0
15,1.0,0.0,0.0,0.5095504534053636,0.042060582674126934,0.05961798186378553,0.5847964499324716,0.03723712135828672,0.03627242909511863,0.6392050935751495,0.02681844491607177,0.027204321821339028,0.6841597530387806,0.049971059232104986,0.04013119814779087,0.7240980127339379,0.04244645957939419,0.0223808605054987,1.0
20,1.0,0.0,0.0,0.5099363303106309,0.022959675863399587,0.09068107273779669,0.5682037430059811,0.07100135056916845,0.016013891568589678,0.6011962184063284,0.07447424271657344,0.06405556627435849,0.6448003087015242,0.05537333590584603,0.04013119814779087,0.6774069071966042,0.03723712135828661,0.04456878255836394,1.0
25,1.0,0.0,0.0,0.539070036658306,0.09878448774840826,0.11036079490642481,0.533667759984565,0.03222072158981293,0.05961798186378542,0.539070036658306,0.04186764422149336,0.07678950414817676,0.6247347096276288,0.05170750530580748,0.04051707505305813,0.6642870924175188,0.03665830600038589,0.03916650588462278,1.0
