Dimension,PCA,Eps = 1.0,Eps = 1.0 25,Eps = 1.0 75,Eps = 2.0,Eps = 2.0 25,Eps = 2.0 75,Eps = 3.0,Eps = 3.0 25,Eps = 3.0 75,Eps = 4.0,Eps = 4.0 25,Eps = 4.0 75,Eps = 5.0,Eps = 5.0 25,Eps = 5.0 75,Original Features
5,1.0,0.6120392468841156,0.041235746486343,0.024529302572262,0.7033943251127022,0.0226730310262529,0.0304958896844338,0.7714134181914611,0.0228056218509679,0.033943251127022,0.803765579421904,0.0070273137098911,0.0180323521612304,0.835719968178202,0.0116679925749138,0.0070273137098912,1.0
10,1.0,0.6115088835852559,0.0559533280297003,0.0465393794749403,0.7440997083001857,0.0442853354547866,0.0234685759745425,0.8048263060196235,0.0124635375232033,0.0226730310262529,0.8752320339432511,0.0160434897905065,0.0136568549456377,0.9184566428003182,0.0143198090692124,0.0068947228851763,1.0
15,1.0,0.6079289313179528,0.0355343410236012,0.0293025722619995,0.6568549456377619,0.0180323521612304,0.0230708035003976,0.7468841156191991,0.0364624767966056,0.0273137098912755,0.8069477592150623,0.0232033943251127,0.0365950676213205,0.8737735348713869,0.0241315300981171,0.0241315300981171,1.0
20,1.0,0.5688146380270486,0.0464067886502254,0.0218774860779633,0.6128347918324052,0.0436223813312118,0.0270485282418456,0.6797931583134447,0.0505171042163882,0.0237337576239724,0.7617342879872713,0.0177671705118005,0.0198886237072394,0.8088040307610713,0.007425086184036,0.0241315300981171,1.0
25,1.0,0.5586051445239989,0.0499867409175284,0.0192256695836648,0.6034208432776452,0.0241315300981171,0.0437549721559267,0.6294086449217714,0.0310262529832935,0.0385839299920445,0.6833731105807478,0.024396711747547,0.0387165208167594,0.7243436754176611,0.0137894457703526,0.0383187483426147,1.0
