Dimension,RFF Real,RFF Real 25,RFF Real 75,Eps = 1.0,Eps = 1.0 25,Eps = 1.0 75,Eps = 2.0,Eps = 2.0 25,Eps = 2.0 75,Eps = 3.0,Eps = 3.0 25,Eps = 3.0 75,Eps = 4.0,Eps = 4.0 25,Eps = 4.0 75,Eps = 5.0,Eps = 5.0 25,Eps = 5.0 75,Original Features
5,0.9984425697598962,0.0024659312134978,0.0012978585334197,0.6224529526281636,0.0597014925373134,0.0304996755353665,0.7116158338741078,0.0408825438027254,0.0759247242050615,0.7680726800778716,0.0609993510707332,0.0908500973393899,0.8237508111615834,0.0792991563919532,0.0637248539909149,0.8132381570408825,0.0542504866969499,0.0868267358857884,1.0
10,1.0,0.000129785853342,0.0,0.6084360804672291,0.0255678131083711,0.0968202465931213,0.7611940298507462,0.0369889682024658,0.0455548345230369,0.8127190136275146,0.0507462686567165,0.0582738481505515,0.8608695652173913,0.0487994808565867,0.0136275146009084,0.8750162232316677,0.0334847501622322,0.0123296560674887,1.0
15,1.0,0.0,0.0,0.6586632057105776,0.044776119402985,0.0639844256975989,0.7580791693705387,0.05425048669695,0.0508760545100583,0.8304996755353666,0.0254380272550291,0.0459441920830629,0.8647631408176508,0.0551589876703438,0.0412719013627514,0.863075924724205,0.0417910447761193,0.0611291369240752,1.0
20,1.0,0.0,0.0,0.6112913692407528,0.0519143413367942,0.0563270603504217,0.7242050616482804,0.0432186891628812,0.0545100584036339,0.8225827384815055,0.0593121349772874,0.0362102530824139,0.8568462037637897,0.0330953926022062,0.0216742375081115,0.8783906554185594,0.0406229720960416,0.0184295911745618,1.0
25,1.0,0.0,0.0,0.6192083062946139,0.0700843608046722,0.0504866969500324,0.7323815704088255,0.0593121349772874,0.035691109669046,0.799221284879948,0.044256975989617,0.0442569759896172,0.8433484750162232,0.0336145360155742,0.0124594419208305,0.8843608046722907,0.0406229720960414,0.0286826735885787,1.0
