Dimension,PCA,Eps = 1.0,Eps = 1.0 25,Eps = 1.0 75,Eps = 3.0,Eps = 3.0 25,Eps = 3.0 75,Eps = 5.0,Eps = 5.0 25,Eps = 5.0 75,Original Features
1,0.8481892289188828,0.5213149806227448,0.010423626887611892,0.020312708806628388,0.5793131097153548,0.028999064546304965,0.055993585460376916,0.5507149538954964,0.027128157156220745,0.03487905920085532,1.0
5,1.0,0.5349458773219297,0.07082720833890149,0.048109047173593544,0.5376186021649071,0.04329814245623409,0.07964720032072703,0.6839502873179206,0.07817720165708941,0.02819724709341176,1.0
10,1.0,0.544033141788053,0.07724174796204736,0.0008018174528932054,0.5134304423359615,0.05986903648269404,0.023119069891754718,0.5946812775624749,0.04009087264466116,0.07871174662568492,1.0
15,1.0,0.5054122678070293,0.05024722704797546,0.03942269143391686,0.5448349592409462,0.041828143792596584,0.05171722571161297,0.558465855940131,0.016570894026459948,0.0669517573165842,1.0
20,1.0,0.5448349592409462,0.08966991848189232,0.0,0.529466791393826,0.07403447815047443,0.01536816784712014,0.5301349726045703,0.06334357877856472,0.02351997861820132,1.0
25,1.0,0.5448349592409462,0.08966991848189232,0.0,0.5448349592409462,0.087932647333957,0.004677268475210439,0.46665775758385675,0.011492716824802907,0.08058265401576903,1.0
