Dimension,RFF Real,RFF Real 25,RFF Real 75,Eps = 1.0,Eps = 1.0 25,Eps = 1.0 75,Eps = 2.0,Eps = 2.0 25,Eps = 2.0 75,Eps = 3.0,Eps = 3.0 25,Eps = 3.0 75,Eps = 4.0,Eps = 4.0 25,Eps = 4.0 75,Eps = 5.0,Eps = 5.0 25,Eps = 5.0 75,Original Features
5,0.998992544831755,0.0012089462018940456,0.0008059641345959934,0.6909127543824299,0.06024581906105175,0.01813419302841024,0.7205319363288334,0.025992343340721313,0.028611726778158375,0.7467257707032037,0.012089462018940123,0.031029619181946466,0.7755389885150111,0.02498488817247635,0.04352206326818453,0.7932701994761233,0.02095506749949627,0.05198468668144263,1.0
10,1.0,0.0,0.0,0.692121700584324,0.035260930888575404,0.015313318557324207,0.7158976425549063,0.012089462018940123,0.02699979850896639,0.7261736852710055,0.008462623413258097,0.02296997783598631,0.7656659278662099,0.0276042716099133,0.03929075156155559,0.7896433608704413,0.01833568406205921,0.0360668950231714,1.0
15,1.0,0.0,0.0,0.686278460608503,0.04191013499899254,0.0368728591577675,0.7126737860165223,0.03606689502317151,0.035462421922224374,0.7563973403183558,0.028007253677211352,0.02780576264356238,0.7773524078178521,0.026193834374370284,0.02095506749949627,0.8101954463026395,0.024783397138827268,0.030425146080999443,1.0
20,1.0,0.0,0.0,0.693935119887165,0.033246020552085476,0.028611726778158375,0.7243602659681644,0.04090267983074747,0.01591779165827123,0.7497481362079388,0.03586540398952254,0.008865605480556038,0.766471892000806,0.00906709651420512,0.0114849889179931,0.7793673181543421,0.017731210961112187,0.033447511585734446,1.0
25,1.0,0.0,0.0,0.688494861978642,0.058029417690912743,0.03203707435019143,0.6909127543824299,0.02317146886963528,0.026596816441668336,0.7277856135401974,0.017731210961112187,0.022164013701390317,0.765867418899859,0.01793270199476127,0.021761031634092265,0.7777553898851501,0.03626838605682048,0.025790852307072343,1.0
