Dimension,RFF Real,RFF Real 25,RFF Real 75,Eps = 1.0,Eps = 1.0 25,Eps = 1.0 75,Eps = 2.0,Eps = 2.0 25,Eps = 2.0 75,Eps = 3.0,Eps = 3.0 25,Eps = 3.0 75,Eps = 4.0,Eps = 4.0 25,Eps = 4.0 75,Eps = 5.0,Eps = 5.0 25,Eps = 5.0 75,Original Features
5,0.9992188517120166,0.0022132534826194705,0.0005207655253222088,0.6927483400598881,0.11027209998698084,0.06314281994531956,0.7807577138393438,0.07212602525712797,0.024736362452805638,0.8038015883348523,0.06275224580132799,0.05324827496419737,0.8360890509048301,0.08761879963546415,0.039838562687150136,0.8471553183179273,0.05259731805754453,0.06600703033459188,1.0
10,1.0,0.00013019138133052444,0.0,0.6577268584819685,0.059627652649394625,0.040098945449811185,0.81734149199323,0.045046217940372335,0.03775550058586119,0.8433797682593412,0.04166124202577792,0.022653300351516692,0.8601744564509829,0.037104543679208346,0.039838562687150136,0.8683765134748079,0.045566983465694544,0.03931779716182793,1.0
15,1.0,0.0,0.0,0.6057804973310766,0.06249186303866683,0.1676864991537561,0.8242416352037495,0.11261554485093084,0.056633250878791896,0.8691576617627913,0.03632339539122509,0.04908215076161959,0.8975393828928525,0.04166124202577792,0.04140085926311676,0.8958468949355552,0.019138133055591755,0.029944017706027837,1.0
20,1.0,0.0,0.0,0.5550058586121599,0.011456841557088926,0.06496549928394735,0.8166905350865773,0.1563598489779977,0.04387449550839728,0.8677255565681552,0.03463090743392794,0.036193204009894564,0.8781408670745997,0.015622965759666707,0.024345788308813954,0.882437182658508,0.017966410623616702,0.03996875406848066,1.0
25,1.0,0.0,0.0,0.5923707850540294,0.04882176799895843,0.07720348912901964,0.8281473766436662,0.16026559041791433,0.08071865642494469,0.8725426376773857,0.054940762921494524,0.035412055721911306,0.8795729722692358,0.01952870719958344,0.03918760578049729,0.9097773727379247,0.030204400468688886,0.03384975914594457,1.0
