Dimension,PCA,Eps = 1.0,Eps = 1.0 25,Eps = 1.0 75,Eps = 3.0,Eps = 3.0 25,Eps = 3.0 75,Eps = 5.0,Eps = 5.0 25,Eps = 5.0 75,Original Features
1,0.8654283041560872,0.5448349592409462,0.0,0.14673259387946014,0.7223038888146466,0.04770813844714694,0.061339035146331655,0.6521448616864893,0.06374448750501127,0.09194173459842314,0.9998663637578511
5,0.9995990912735534,0.5448349592409462,0.0,0.0,0.7836429239609782,0.02886542830415606,0.03728451155953494,0.806628357610584,0.02819724709341176,0.08044901777362012,0.9998663637578511
10,0.9995990912735534,0.5448349592409462,0.0,0.0,0.7799011091808098,0.0339436055058131,0.08940264599759462,0.8429774154750769,0.03207269811572899,0.018709073900841866,0.9998663637578511
15,0.9998663637578511,0.5448349592409462,0.0,0.0,0.7741547507684083,0.04904450086863554,0.032740879326473404,0.8477883201924362,0.03554724041159962,0.03474542295870642,0.9998663637578511
20,0.9998663637578511,0.5448349592409462,0.0,0.0,0.7424829613791261,0.030335426967793677,0.057864492850461025,0.8523319524254978,0.037150875317386034,0.031538153147133596,0.9998663637578511
25,0.9998663637578511,0.5448349592409462,0.0,0.0,0.7140184418014165,0.11880261927034608,0.08352265134304426,0.837631965789122,0.057597220366163326,0.04917813711078445,0.9998663637578511
