Dimension,PCA,Eps = 1.0,Eps = 1.0 25,Eps = 1.0 75,Eps = 2.0,Eps = 2.0 25,Eps = 2.0 75,Eps = 3.0,Eps = 3.0 25,Eps = 3.0 75,Eps = 4.0,Eps = 4.0 25,Eps = 4.0 75,Eps = 5.0,Eps = 5.0 25,Eps = 5.0 75,Original Features
1,0.7617811501597445,0.03953674121405759,0.05051916932907341,0.6998801916932907,0.0,0.0,None,None,None,0.6998801916932907,0.0,0.038937699680511195,None,None,None,0.729632587859425,0.029752396166134232,0.055511182108626156,1.0
5,1.0,0.7698306595365418,0.0,0.0,0.7698306595365418,0.0,0.0,0.7698306595365418,0.0,0.0,0.7698306595365418,0.0,0.0,0.7698306595365418,0.0,0.0,1.0
10,1.0,0.7698306595365418,0.0,0.0,0.7698306595365418,0.0,0.0,0.7698306595365418,0.0,0.0,0.7698306595365418,0.0,0.0,0.7698306595365418,0.0,0.0,1.0
15,1.0,0.7698306595365418,0.0,0.0,0.7698306595365418,0.0,0.0,0.7698306595365418,0.0,0.0,0.7698306595365418,0.0,0.0,0.7698306595365418,0.0,0.0,1.0
20,1.0,0.7698306595365418,0.0,0.0,0.7698306595365418,0.0,0.0,0.7698306595365418,0.0,0.0,0.7698306595365418,0.0,0.0,0.7698306595365418,0.0,0.0,1.0
25,1.0,0.7698306595365418,0.0,0.0,0.7698306595365418,0.0,0.0,0.7698306595365418,0.0,0.0,0.7698306595365418,0.0,0.0,0.7698306595365418,0.0,0.0,1.0
