Dimension,PCA,Eps = 1.0,Eps = 1.0 25,Eps = 1.0 75,Eps = 2.0,Eps = 2.0 25,Eps = 2.0 75,Eps = 3.0,Eps = 3.0 25,Eps = 3.0 75,Eps = 4.0,Eps = 4.0 25,Eps = 4.0 75,Eps = 5.0,Eps = 5.0 25,Eps = 5.0 75,Original Features
5,1.0,0.5551325807298504,0.0154896298241008,0.0916250984510369,0.6990023628248884,0.0613021790496193,0.019690207403518,0.7211866631661854,0.0286164347597794,0.0372801260173273,0.8095300603833027,0.0242845891310055,0.0173273825150959,0.8212129167760567,0.0174586505644526,0.0114203202940404,1.0
10,1.0,0.5497505907062221,0.0242845891310055,0.1878445786295615,0.6525334733525859,0.0760042005775794,0.0883433972171173,0.7335258598057233,0.0997637175111577,0.0291415069572066,0.7750065634024679,0.0568390653714886,0.0531635599894985,0.8235757416644789,0.0498818587555789,0.0257285376739301,1.0
15,0.9998687319506432,0.5328170123391966,0.05841428196377,0.0294040430559201,0.5355736413756892,0.0143082173798897,0.0861118403780519,0.6371751115778419,0.0901811499081123,0.103964295090575,0.6861380939879234,0.0301916513520609,0.0929377789446048,0.7859018114990811,0.0956944079810974,0.0544762404830664,1.0
20,0.9998687319506432,0.535048569178262,0.0032817012339196,0.0040693095300603,0.535048569178262,0.0107639800472565,0.030716723549488,0.544893672880021,0.0078760829614071,0.0643213441848253,0.6638225255972696,0.1006825938566552,0.0763980047256498,0.7055657652927277,0.056576529272775,0.0527697558414281,1.0
25,0.9998687319506432,0.535048569178262,0.0,0.0,0.535048569178262,0.0,0.0060383302704121,0.5395116828563927,0.0049881858755578,0.0173273825150958,0.5423995799422421,0.0074822788133368,0.0794171698608559,0.71160409556314,0.1434759779469677,0.0724599632449461,1.0
