Dimension,PCA,Eps = 1.0,Eps = 1.0 25,Eps = 1.0 75,Eps = 2.0,Eps = 2.0 25,Eps = 2.0 75,Eps = 3.0,Eps = 3.0 25,Eps = 3.0 75,Eps = 4.0,Eps = 4.0 25,Eps = 4.0 75,Eps = 5.0,Eps = 5.0 25,Eps = 5.0 75,Original Features
5,0.999867409175285,0.786926544683108,0.0165738530893662,0.0409705648369133,0.8526915937417131,0.0168390347387961,0.0124635375232033,0.8579952267303103,0.0164412622646512,0.0067621320604613,0.8493768231238398,0.0112702201007689,0.0106072659771944,0.8544152744630071,0.0049058605144524,0.0053036329885972,1.0
10,0.999867409175285,0.7319013524264121,0.1043489790506496,0.0385839299920445,0.903871652081676,0.0283744364889949,0.0157783081410766,0.9345001325908248,0.0123309466984885,0.014850172368072,0.9448422169185892,0.0123309466984885,0.0102094935030495,0.9504110315566164,0.0106072659771944,0.0106072659771943,1.0
15,0.999867409175285,0.5978520286396182,0.0405727923627685,0.1466454521347122,0.87735348713869,0.06589763988332,0.0080880403076106,0.9289313179527976,0.0185627154600902,0.0102094935030495,0.9363564041368336,0.018695306284805,0.0181649429859453,0.9417926279501458,0.0119331742243437,0.011402810925484,1.0
20,0.999867409175285,0.5910898965791567,0.0416335189604878,0.0654998674091753,0.6632193052240785,0.0566162821532749,0.1308671439936356,0.8822593476531424,0.0233359851498276,0.020551577830814,0.9074516043489792,0.024396711747547,0.0198886237072394,0.9408644921771412,0.0140546274197824,0.0133916732962079,1.0
25,0.999867409175285,0.562185096791302,0.0208167594802439,0.0548926014319809,0.6686555290373906,0.0347387960753114,0.0822063113232565,0.8143728453990984,0.1060726597719438,0.0428268363829222,0.8743038981702467,0.0404402015380536,0.0261203924688411,0.9177936886767436,0.0291699814372845,0.0100769026783346,1.0
