Dimension,RFF Real,RFF Real 25,RFF Real 75,Eps = 1.0,Eps = 1.0 25,Eps = 1.0 75,Eps = 2.0,Eps = 2.0 25,Eps = 2.0 75,Eps = 3.0,Eps = 3.0 25,Eps = 3.0 75,Eps = 4.0,Eps = 4.0 25,Eps = 4.0 75,Eps = 5.0,Eps = 5.0 25,Eps = 5.0 75,Original Features
5,0.998589562764457,0.0018134193028410683,0.001007455168244964,0.7038081805359662,0.01390288132178119,0.01128349788434413,0.7235543018335684,0.014708845456377184,0.023372959903284363,0.7469272617368528,0.017731210961112298,0.03969373362885342,0.7795688091879911,0.03425347572033044,0.0338504936530325,0.7995164215192424,0.02941769091275437,0.04090267983074747,0.999798508966351
10,1.0,0.0004029820672980522,0.0,0.6999798508966351,0.002014910336490039,0.0026193834374370617,0.7086439653435422,0.007455168245013133,0.00906709651420512,0.7279871045738464,0.01853717509570818,0.02256699576868837,0.7477332258714487,0.023775941970582304,0.03425347572033044,0.772315131976627,0.02095506749949627,0.04372355430183361,0.999798508966351
15,1.0,0.0,0.0,0.6997783598629861,0.0018134193028410683,0.0016119282691919867,0.7021962522667742,0.0026193834374370617,0.004231311706629048,0.7114648398146283,0.008261132379609126,0.018940157163006233,0.7281885956074955,0.022164013701390317,0.03667136812411842,0.774733024380415,0.04775337497481358,0.04352206326818464,0.999798508966351
20,1.0,0.0,0.0,0.6991738867620391,0.001007455168244964,0.0014104372355430161,0.7007858150312312,0.0016119282691920978,0.0036268386056820257,0.7078380012089462,0.006246222043119087,0.00241789240378798,0.7197259721942374,0.01571630062462226,0.012895426153536116,0.7439048962321176,0.0076566592786621035,0.01349989925448325,0.999798508966351
25,1.0,0.0,0.0,0.6993753777956881,0.0012089462018940456,0.0032238565383839735,0.6999798508966351,0.001007455168244964,0.0016119282691920978,0.7019947612331251,0.0018134193028409573,0.003425347572033055,0.7102558936127342,0.007052186177715081,0.010477533749748136,0.7263751763046544,0.011887970985291152,0.012693935119887145,0.999798508966351
