Dimension,PCA,Eps = 2.5,Eps = 2.5 25,Eps = 2.5 75,Eps = 5.0,Eps = 5.0 25,Eps = 5.0 75,Eps = 7.5,Eps = 7.5 25,Eps = 7.5 75,Eps = 10.0,Eps = 10.0 25,Eps = 10.0 75,Eps = 12.5,Eps = 12.5 25,Eps = 12.5 75,Original Features
5,0.957391304347826,0.8039130434782609,0.0,0.0,0.8039130434782609,0.0,0.0,0.8039130434782609,0.0,0.0,0.8039130434782609,0.0,0.0,0.8039130434782609,0.0,0.0,0.9726086956521739
10,0.9608695652173913,0.8039130434782609,0.0,0.0,0.8039130434782609,0.0,0.0,0.8039130434782609,0.0,0.0,0.8039130434782609,0.0,0.0,0.8039130434782609,0.0,0.0,0.9726086956521739
15,0.9695652173913043,0.8039130434782609,0.0,0.0,0.8039130434782609,0.0,0.0,0.8039130434782609,0.0,0.0,0.8039130434782609,0.0,0.0,0.8039130434782609,0.0,0.0,0.9726086956521739
20,0.9695652173913043,0.8039130434782609,0.0,0.0,0.8039130434782609,0.0,0.0,0.8039130434782609,0.0,0.0,0.8039130434782609,0.0,0.0,0.8039130434782609,0.0,0.0,0.9726086956521739
25,0.97,0.8039130434782609,0.0,0.0,0.8039130434782609,0.0,0.0,0.8039130434782609,0.0,0.0,0.8039130434782609,0.0,0.0,0.8039130434782609,0.0,0.0,0.9726086956521739
