Dimension,RFF Real,RFF Real 25,RFF Real 75,Eps = 1.0,Eps = 1.0 25,Eps = 1.0 75,Eps = 2.0,Eps = 2.0 25,Eps = 2.0 75,Eps = 3.0,Eps = 3.0 25,Eps = 3.0 75,Eps = 4.0,Eps = 4.0 25,Eps = 4.0 75,Eps = 5.0,Eps = 5.0 25,Eps = 5.0 75,Original Features
5,0.9021978021978022,0.00659340659340657,0.005494505494505475,0.5494505494505495,0.10219780219780222,0.06593406593406592,0.4945054945054945,0.03406593406593411,0.04175824175824172,0.5318681318681319,0.048351648351648346,0.045054945054945006,0.5967032967032967,0.03736263736263734,0.04175824175824172,0.6263736263736264,0.047252747252747196,0.02197802197802201,0.8582417582417582
10,0.9164835164835164,0.00439560439560438,0.00439560439560438,0.4846153846153846,0.08571428571428569,0.12087912087912084,0.5175824175824176,0.09450549450549456,0.02637362637362628,0.5307692307692308,0.10329670329670332,0.05714285714285716,0.5945054945054945,0.05274725274725278,0.06153846153846154,0.5879120879120879,0.08571428571428574,0.07472527472527468,0.8582417582417582
15,0.9131868131868132,0.00879120879120876,0.00439560439560438,0.5010989010989011,0.06813186813186811,0.13626373626373622,0.46373626373626375,0.1087912087912088,0.09230769230769231,0.5175824175824176,0.11098901098901104,0.12087912087912078,0.5098901098901099,0.10219780219780217,0.0483516483516484,0.5153846153846153,0.10329670329670326,0.098901098901099,0.8582417582417582
20,0.9076923076923077,0.00659340659340657,0.00439560439560438,0.5637362637362637,0.08571428571428569,0.0692307692307692,0.4736263736263736,0.06593406593406592,0.143956043956044,0.4967032967032967,0.12747252747252746,0.13736263736263732,0.5208791208791209,0.06923076923076926,0.1164835164835164,0.521978021978022,0.0494505494505495,0.10769230769230764,0.8582417582417582
25,0.8989010989010989,0.005494505494505475,0.00439560439560438,0.5428571428571428,0.1428571428571428,0.08791208791208793,0.46263736263736266,0.06483516483516488,0.0956043956043956,0.510989010989011,0.1769230769230769,0.0725274725274726,0.5131868131868131,0.03626373626373619,0.11318681318681323,0.5032967032967033,0.09340659340659341,0.08461538461538465,0.8582417582417582
