Dimension,PCA,Eps = 1.0,Eps = 1.0 25,Eps = 1.0 75,Eps = 2.0,Eps = 2.0 25,Eps = 2.0 75,Eps = 3.0,Eps = 3.0 25,Eps = 3.0 75,Eps = 4.0,Eps = 4.0 25,Eps = 4.0 75,Eps = 5.0,Eps = 5.0 25,Eps = 5.0 75,Original Features
5,0.9539130434782608,0.7952173913043479,0.0,0.0039130434782608,0.7965217391304348,0.0013043478260869,0.0030434782608695,0.7982608695652174,0.0026086956521739,0.0065217391304348,0.7969565217391305,0.0008695652173913,0.0034782608695651,0.7978260869565217,0.0008695652173912,0.001304347826087,0.921304347826087
10,0.948695652173913,0.7952173913043479,0.0,0.0,0.7952173913043479,0.0,0.0,0.7952173913043479,0.0,0.0004347826086955,0.7952173913043479,0.0,0.0021739130434782,0.7952173913043479,0.0,0.0,0.921304347826087
15,0.9443478260869566,0.7952173913043479,0.0,0.0,0.7952173913043479,0.0,0.0,0.7952173913043479,0.0,0.0,0.7952173913043479,0.0,0.0,0.7952173913043479,0.0,0.0,0.921304347826087
20,0.9378260869565216,0.7952173913043479,0.0,0.0,0.7952173913043479,0.0,0.0,0.7952173913043479,0.0,0.0,0.7952173913043479,0.0,0.0,0.7952173913043479,0.0,0.0,0.921304347826087
25,0.9317391304347826,0.7952173913043479,0.0,0.0,0.7952173913043479,0.0,0.0,0.7952173913043479,0.0,0.0,0.7952173913043479,0.0,0.0,0.7952173913043479,0.0,0.0,0.921304347826087
