Dimension,PCA,Eps = 1.0,Eps = 1.0 25,Eps = 1.0 75,Eps = 2.0,Eps = 2.0 25,Eps = 2.0 75,Eps = 3.0,Eps = 3.0 25,Eps = 3.0 75,Eps = 4.0,Eps = 4.0 25,Eps = 4.0 75,Eps = 5.0,Eps = 5.0 25,Eps = 5.0 75,Original Features
5,0.9485776805251641,0.5175054704595186,0.060175054704595166,0.07768052516411383,0.5273522975929978,0.10175054704595188,0.06564551422319476,0.4442013129102845,0.05251641137855578,0.12910284463894967,0.5568927789934355,0.19037199124726478,0.022975929978118148,0.5361050328227571,0.13676148796498905,0.10393873085339167,0.9693654266958425
10,0.9693654266958425,0.5076586433260394,0.07877461706783367,0.004376367614879695,0.47921225382932164,0.06564551422319476,0.032822757111597434,0.4814004376367615,0.05908096280087527,0.07549234135667399,0.5087527352297593,0.03719912472647702,0.06236323851203507,0.5142231947483589,0.11816192560175054,0.043763676148796504,0.9693654266958425
15,0.9715536105032823,0.5054704595185996,0.017505470459518613,0.007658643326039383,0.4912472647702407,0.06455142231947486,0.03391684901531722,0.5054704595185996,0.07658643326039388,0.008752735229759279,0.5054704595185996,0.05470459518599563,0.03172866520787743,0.5153172866520788,0.06673960612691465,0.024070021881838044,0.9693654266958425
20,0.9748358862144421,0.5054704595185996,0.013129102844638973,0.001094091903719896,0.49452954048140046,0.015317286652078821,0.01859956236323851,0.5087527352297593,0.02625820568927789,0.01750547045951867,0.5076586433260394,0.043763676148796504,0.03063457330415753,0.5087527352297593,0.028446389496717683,0.01750547045951867,0.9693654266958425
25,0.9792122538293216,0.5043763676148797,0.00984682713347923,0.002188183807439792,0.5054704595185996,0.0,0.01422319474835887,0.49452954048140046,0.006564551422319487,0.01859956236323851,0.5054704595185996,0.03282275711159738,0.01641137855579866,0.5054704595185996,0.02954048140043769,0.01094091903719907,0.9693654266958425
