Dimension,PCA,Eps = 1.0,Eps = 1.0 25,Eps = 1.0 75,Eps = 3.0,Eps = 3.0 25,Eps = 3.0 75,Eps = 5.0,Eps = 5.0 25,Eps = 5.0 75,Original Features
1,0.8302300109529025,0.4720700985761227,0.0898138006571742,0.08214676889375683,0.4994523548740416,0.01861993428258485,0.03176341730558596,0.5257393209200438,0.02957283680175249,0.013143483023001057,0.9485213581599123
5,0.9507119386637459,0.5191675794085433,0.05147864184008766,0.07228915662650603,0.56078860898138,0.18291347207009856,0.042716319824753546,0.5673603504928806,0.09090909090909088,0.0383351588170866,0.9485213581599123
10,0.963855421686747,0.5071193866374589,0.013143483023001112,0.041621029572836754,0.4928806133625411,0.06900328587075577,0.03723986856516981,0.5093099671412924,0.05257393209200434,0.07995618838992335,0.9485213581599123
15,0.9660460021905805,0.4939759036144578,0.0010952902519167362,0.013143483023001112,0.4939759036144578,0.07338444687842277,0.030668127053669225,0.5093099671412924,0.09090909090909088,0.0657174151150055,0.9485213581599123
20,0.9649507119386638,0.4939759036144578,0.013143483023001057,0.01204819277108432,0.52026286966046,0.03066812705366917,0.03066812705366928,0.5290251916757941,0.042716319824753546,0.0470974808324206,0.9485213581599123
25,0.9704271631982475,0.4939759036144578,0.005476451259583792,0.01204819277108432,0.5071193866374589,0.042716319824753546,0.01642935377875132,0.4939759036144578,0.025191675794085433,0.028477546549835753,0.9485213581599123
