Dimension,RFF Real,RFF Real 25,RFF Real 75,Eps = 1.0,Eps = 1.0 25,Eps = 1.0 75,Eps = 2.0,Eps = 2.0 25,Eps = 2.0 75,Eps = 3.0,Eps = 3.0 25,Eps = 3.0 75,Eps = 4.0,Eps = 4.0 25,Eps = 4.0 75,Eps = 5.0,Eps = 5.0 25,Eps = 5.0 75,Original Features
5,0.8760869565217392,0.0126086956521739,0.007391304347826,0.8034782608695652,0.0026086956521739,0.0030434782608695,0.8047826086956522,0.007391304347826,0.0069565217391304,0.8104347826086956,0.0130434782608694,0.0026086956521739,0.8147826086956522,0.0052173913043478,0.0047826086956521,0.818695652173913,0.0056521739130435,0.006086956521739,0.9308695652173912
10,0.907391304347826,0.0082608695652174,0.007391304347826,0.8021739130434783,0.0334782608695652,0.0,0.8021739130434783,0.0,0.0026086956521739,0.8021739130434783,0.0039130434782609,0.0021739130434782,0.8052173913043478,0.0034782608695651,0.0026086956521739,0.8082608695652174,0.0017391304347825,0.0065217391304348,0.9308695652173912
15,0.9139130434782607,0.0047826086956521,0.0082608695652174,0.8021739130434783,0.0,0.0,0.8021739130434783,0.0,0.0008695652173912,0.8021739130434783,0.0,0.0013043478260869,0.8021739130434783,0.0,0.0013043478260869,0.8034782608695652,0.0013043478260869,0.0043478260869564,0.9308695652173912
20,0.9217391304347826,0.0078260869565217,0.0030434782608695,0.8021739130434783,0.0,0.0,0.8021739130434783,0.0,0.0,0.8021739130434783,0.0,0.0,0.8021739130434783,0.0004347826086956,0.0,0.8021739130434783,0.0,0.0008695652173912,0.9308695652173912
25,0.9195652173913044,0.011304347826087,0.0069565217391304,0.8021739130434783,0.0,0.0,0.8021739130434783,0.0,0.0,0.8021739130434783,0.0,0.0,0.8021739130434783,0.0,0.0004347826086956,0.8021739130434783,0.0,0.0,0.9308695652173912
