Dimension,RFF Real,RFF Real 25,RFF Real 75,Eps = 1.0,Eps = 1.0 25,Eps = 1.0 75,Eps = 2.0,Eps = 2.0 25,Eps = 2.0 75,Eps = 3.0,Eps = 3.0 25,Eps = 3.0 75,Eps = 4.0,Eps = 4.0 25,Eps = 4.0 75,Eps = 5.0,Eps = 5.0 25,Eps = 5.0 75,Original Features
5,0.8877665544332211,0.004489337822671136,0.010101010101010166,0.45230078563411896,0.03815937149270482,0.08754208754208753,0.4983164983164983,0.09876543209876543,0.0763187429854097,0.5780022446689114,0.06172839506172845,0.05162738496071828,0.6363636363636364,0.06285072951739612,0.02805836139169471,0.6397306397306397,0.04040404040404033,0.02244668911335579,0.9595959595959596
10,0.9236812570145904,0.004489337822671136,0.0033670033670033517,0.5218855218855218,0.10549943883277213,0.06846240179573515,0.5151515151515151,0.08529741863075196,0.06846240179573515,0.4657687991021324,0.04601571268237936,0.09988776655443321,0.5993265993265994,0.1301907968574636,0.03367003367003363,0.6442199775533108,0.09764309764309764,0.008978675645342382,0.9595959595959596
15,0.9304152637485971,0.004489337822671136,0.004489337822671136,0.5129068462401796,0.10325476992143656,0.058361391694724984,0.4769921436588103,0.05836139169472504,0.12008978675645338,0.5409652076318743,0.12345679012345678,0.08866442199775537,0.5925925925925926,0.06285072951739612,0.019079685746352437,0.5611672278338945,0.043771043771043794,0.0572390572390572,0.9595959595959596
20,0.9382716049382716,0.004489337822671136,0.002244668911335679,0.45454545454545453,0.08193041526374856,0.1043771043771044,0.494949494949495,0.038159371492704874,0.12233445566778894,0.5061728395061729,0.0830527497194164,0.06285072951739612,0.5375982042648709,0.01683501683501687,0.02581369248035914,0.5185185185185185,0.030303030303030276,0.07070707070707072,0.9595959595959596
25,0.9405162738496072,0.004489337822671247,0.0033670033670033517,0.5140291806958474,0.08417508417508418,0.07968574635241299,0.5297418630751964,0.05274971941638612,0.10213243546576878,0.5241301907968574,0.051627384960718226,0.041526374859708226,0.500561167227834,0.07070707070707077,0.10325476992143656,0.5566778900112234,0.11672278338945008,0.04938271604938271,0.9595959595959596
