Dimension,PCA,Eps = 1.0,Eps = 1.0 25,Eps = 1.0 75,Eps = 2.0,Eps = 2.0 25,Eps = 2.0 75,Eps = 3.0,Eps = 3.0 25,Eps = 3.0 75,Eps = 4.0,Eps = 4.0 25,Eps = 4.0 75,Eps = 5.0,Eps = 5.0 25,Eps = 5.0 75,Original Features
5,0.9440860215053763,0.5086021505376344,0.021505376344085947,0.05376344086021512,0.5032258064516129,0.09247311827956983,0.05698924731182797,0.532258064516129,0.07096774193548383,0.0688172043010753,0.5580645161290323,0.06129032258064521,0.03118279569892468,0.5731182795698925,0.052688172043010795,0.04946236559139783,0.9623655913978495
10,0.9623655913978495,0.49032258064516127,0.03655913978494624,0.004301075268817234,0.4956989247311828,0.03870967741935488,0.013978494623655857,0.5064516129032258,0.03440860215053765,0.08172043010752683,0.5,0.009677419354838734,0.05913978494623651,0.5043010752688172,0.045161290322580594,0.07311827956989247,0.9623655913978495
15,0.9709677419354839,0.5053763440860215,0.015053763440860235,0.004301075268817178,0.4935483870967742,0.0032258064516129115,0.016129032258064502,0.4913978494623656,0.033333333333333326,0.02795698924731188,0.5053763440860215,0.015053763440860235,0.04516129032258065,0.5096774193548387,0.019354838709677413,0.041935483870967794,0.9623655913978495
20,0.9720430107526882,0.4946236559139785,0.004301075268817234,0.01505376344086018,0.4913978494623656,0.0010752688172043223,0.015053763440860235,0.4967741935483871,0.017204301075268824,0.01290322580645159,0.4978494623655914,0.04731182795698924,0.011827956989247268,0.4978494623655914,0.007526881720430145,0.02688172043010756,0.9623655913978495
25,0.9731182795698925,0.5043010752688172,0.013978494623655913,0.005376344086021501,0.5010752688172043,0.010752688172043057,0.008602150537634357,0.5043010752688172,0.010752688172043001,0.005376344086021501,0.5064516129032258,0.015053763440860235,0.03978494623655915,0.4935483870967742,0.0032258064516129115,0.017204301075268824,0.9623655913978495
