Dimension,RFF Real,RFF Real 25,RFF Real 75,Eps = 1.0,Eps = 1.0 25,Eps = 1.0 75,Eps = 2.0,Eps = 2.0 25,Eps = 2.0 75,Eps = 3.0,Eps = 3.0 25,Eps = 3.0 75,Eps = 4.0,Eps = 4.0 25,Eps = 4.0 75,Eps = 5.0,Eps = 5.0 25,Eps = 5.0 75,Original Features
5,0.8799102132435466,0.010101010101010055,0.008978675645342271,0.45454545454545453,0.05387205387205385,0.13804713804713803,0.5959595959595959,0.08305274971941634,0.06060606060606066,0.6386083052749719,0.03815937149270476,0.029180695847362492,0.6621773288439955,0.041526374859708226,0.03703703703703709,0.6632996632996633,0.023569023569023573,0.007856341189674598,0.9158249158249159
10,0.9034792368125701,0.004489337822671136,0.004489337822671136,0.47474747474747475,0.059483726150392824,0.1335578002244669,0.5016835016835017,0.09090909090909094,0.08417508417508412,0.5634118967452301,0.06509539842873174,0.041526374859708226,0.6273849607182941,0.02805836139169471,0.03703703703703698,0.6408529741863075,0.02581369248035914,0.02581369248035914,0.9158249158249159
15,0.9124579124579124,0.0056116722783389195,0.006734006734006814,0.5364758698092031,0.09988776655443321,0.06397306397306401,0.531986531986532,0.10662177328843997,0.05611672278338942,0.5645342312008979,0.12794612794612792,0.06285072951739623,0.6161616161616161,0.10437710437710435,0.030303030303030387,0.5970819304152637,0.04040404040404033,0.05948372615039288,0.9158249158249159
20,0.9191919191919192,0.0056116722783390305,0.0056116722783389195,0.4601571268237935,0.04601571268237936,0.08305274971941634,0.4624017957351291,0.0718294051627385,0.08866442199775537,0.5510662177328844,0.08978675645342316,0.08305274971941634,0.5589225589225589,0.10774410774410775,0.08866442199775537,0.5824915824915825,0.06172839506172845,0.09539842873176207,0.9158249158249159
25,0.9214365881032548,0.004489337822671136,0.007856341189674487,0.45230078563411896,0.052749719416386065,0.12233445566778905,0.5420875420875421,0.1402918069584736,0.043771043771043794,0.5387205387205387,0.0718294051627385,0.0650953984287318,0.5409652076318743,0.12457912457912457,0.06060606060606066,0.5881032547699214,0.08641975308641969,0.05162738496071828,0.9158249158249159
