Dimension,PCA,Eps = 1.0,Eps = 1.0 25,Eps = 1.0 75,Eps = 2.0,Eps = 2.0 25,Eps = 2.0 75,Eps = 3.0,Eps = 3.0 25,Eps = 3.0 75,Eps = 4.0,Eps = 4.0 25,Eps = 4.0 75,Eps = 5.0,Eps = 5.0 25,Eps = 5.0 75,Original Features
5,0.951304347826087,0.7956521739130434,0.0043478260869564,0.0039130434782609,0.8030434782608695,0.0017391304347825,0.0021739130434782,0.8060869565217391,0.0030434782608695,0.0021739130434782,0.8134782608695652,0.0030434782608695,0.0034782608695652,0.8234782608695652,0.0026086956521739,0.0021739130434782,0.9256521739130434
10,0.951304347826087,0.7673913043478261,0.0160869565217391,0.0152173913043478,0.7930434782608695,0.0078260869565216,0.0047826086956521,0.7978260869565217,0.0065217391304347,0.0043478260869566,0.7965217391304348,0.0069565217391304,0.0052173913043478,0.802608695652174,0.0017391304347826,0.0034782608695651,0.9256521739130434
15,0.95,0.7765217391304348,0.0078260869565217,0.0043478260869564,0.7765217391304348,0.0104347826086956,0.01,0.7839130434782609,0.0130434782608696,0.0060869565217391,0.7939130434782609,0.0082608695652174,0.0043478260869564,0.7956521739130434,0.0043478260869564,0.0060869565217391,0.9256521739130434
20,0.941304347826087,0.7639130434782608,0.007391304347826,0.007391304347826,0.7769565217391304,0.0091304347826086,0.0060869565217391,0.7791304347826087,0.0113043478260869,0.0086956521739131,0.778695652173913,0.0086956521739129,0.0104347826086956,0.7878260869565218,0.0082608695652174,0.0065217391304347,0.9256521739130434
25,0.9365217391304348,0.7639130434782608,0.0052173913043478,0.0052173913043478,0.7726086956521739,0.0065217391304348,0.007391304347826,0.7756521739130435,0.0130434782608696,0.0091304347826086,0.7817391304347826,0.0091304347826086,0.0060869565217391,0.7856521739130434,0.0065217391304347,0.0086956521739131,0.9256521739130434
