Dimension,PCA,Eps = 1.0,Eps = 1.0 25,Eps = 1.0 75,Eps = 3.0,Eps = 3.0 25,Eps = 3.0 75,Eps = 5.0,Eps = 5.0 25,Eps = 5.0 75,Original Features
1,0.8365800865800865,0.5119047619047619,0.05952380952380948,0.051948051948051965,0.5162337662337663,0.03246753246753248,0.04112554112554112,0.5238095238095238,0.019480519480519543,0.031385281385281405,0.9458874458874459
5,0.9361471861471862,0.5010822510822511,0.04329004329004332,0.04761904761904756,0.5335497835497836,0.12229437229437229,0.058441558441558406,0.5573593073593074,0.0400432900432901,0.024891774891774854,0.9458874458874459
10,0.9502164502164502,0.5043290043290043,0.00649350649350644,0.025974025974025983,0.4967532467532468,0.031385281385281405,0.02272727272727265,0.5043290043290043,0.04761904761904756,0.030303030303030387,0.9458874458874459
15,0.9556277056277056,0.5043290043290043,0.008658008658008642,0.02922077922077926,0.5043290043290043,0.008658008658008642,0.025974025974025983,0.4989177489177489,0.042207792207792194,0.022727272727272763,0.9458874458874459
20,0.9588744588744589,0.5032467532467533,0.0075757575757576245,0.011904761904761862,0.49567099567099565,0.006493506493506496,0.014069264069264065,0.4989177489177489,0.0032467532467532756,0.035714285714285754,0.9458874458874459
25,0.9567099567099567,0.49567099567099565,0.0,0.008658008658008642,0.4967532467532468,0.0032467532467532756,0.005411255411255367,0.5032467532467533,0.0075757575757576245,0.011904761904761862,0.9458874458874459
