Dimension,PCA,Eps = 2.5,Eps = 2.5 25,Eps = 2.5 75,Eps = 7.5,Eps = 7.5 25,Eps = 7.5 75,Eps = 12.5,Eps = 12.5 25,Eps = 12.5 75,Original Features
1,0.922608695652174,0.8121739130434783,0.0,0.0,0.8121739130434783,0.0,0.0,0.8121739130434783,0.0,0.00043478260869556085,0.9760869565217392
5,0.96,0.8121739130434783,0.0,0.0,0.8121739130434783,0.0,0.0,0.8121739130434783,0.0,0.0,0.9760869565217392
10,0.9639130434782609,0.8121739130434783,0.0,0.0,0.8121739130434783,0.0,0.0,0.8121739130434783,0.0,0.0,0.9760869565217392
15,0.9682608695652174,0.8121739130434783,0.0,0.0,0.8121739130434783,0.0,0.0,0.8121739130434783,0.0,0.0,0.9760869565217392
20,0.9717391304347827,0.8121739130434783,0.0,0.0,0.8121739130434783,0.0,0.0,0.8121739130434783,0.0,0.0,0.9760869565217392
25,0.971304347826087,0.8121739130434783,0.0,0.0,0.8121739130434783,0.0,0.0,0.8121739130434783,0.0,0.0,0.9760869565217392
