Dimension,PCA,Eps = 2.5,Eps = 2.5 25,Eps = 2.5 75,Eps = 5.0,Eps = 5.0 25,Eps = 5.0 75,Eps = 7.5,Eps = 7.5 25,Eps = 7.5 75,Eps = 10.0,Eps = 10.0 25,Eps = 10.0 75,Eps = 12.5,Eps = 12.5 25,Eps = 12.5 75,Original Features
5,0.9456521739130435,0.8039130434782609,0.0,0.0,0.8039130434782609,0.0,0.0,0.8039130434782609,0.0,0.0,0.8039130434782609,0.0,0.0,0.8039130434782609,0.0,0.0,0.9443478260869566
10,0.947391304347826,0.8039130434782609,0.0,0.0,0.8039130434782609,0.0,0.0,0.8039130434782609,0.0,0.0,0.8039130434782609,0.0,0.0,0.8039130434782609,0.0,0.0,0.9443478260869566
15,0.9469565217391305,0.8039130434782609,0.0,0.0,0.8039130434782609,0.0,0.0,0.8039130434782609,0.0,0.0,0.8039130434782609,0.0,0.0,0.8039130434782609,0.0,0.0,0.9443478260869566
20,0.9530434782608695,0.8039130434782609,0.0,0.0,0.8039130434782609,0.0,0.0,0.8039130434782609,0.0,0.0,0.8039130434782609,0.0,0.0,0.8039130434782609,0.0,0.0,0.9443478260869566
25,0.9495652173913044,0.8039130434782609,0.0,0.0,0.8039130434782609,0.0,0.0,0.8039130434782609,0.0,0.0,0.8039130434782609,0.0,0.0,0.8039130434782609,0.0,0.0,0.9443478260869566
