Dimension,RFF Real,RFF Real 25,RFF Real 75,Eps = 1.0,Eps = 1.0 25,Eps = 1.0 75,Eps = 2.0,Eps = 2.0 25,Eps = 2.0 75,Eps = 3.0,Eps = 3.0 25,Eps = 3.0 75,Eps = 4.0,Eps = 4.0 25,Eps = 4.0 75,Eps = 5.0,Eps = 5.0 25,Eps = 5.0 75,Original Features
1,0.801304347826087,0.016956521739130426,0.020000000000000018,0.7847826086956522,0.01043478260869568,0.00782608695652176,None,None,None,0.7978260869565217,0.01565217391304341,0.021304347826087033,None,None,None,0.802608695652174,0.01826086956521744,0.014347826086956506,0.9217391304347826
5,0.8726086956521739,0.0091304347826086,0.0104347826086956,0.8056521739130434,0.0104347826086955,0.0034782608695652,0.8091304347826087,0.0065217391304347,0.0043478260869564,0.8169565217391305,0.0039130434782609,0.0039130434782608,0.8269565217391305,0.0039130434782609,0.0039130434782608,0.8308695652173913,0.0017391304347825,0.0039130434782608,0.927391304347826
10,0.9004347826086957,0.007391304347826,0.0113043478260869,0.798695652173913,0.0047826086956521,0.0108695652173913,0.8130434782608695,0.0043478260869564,0.0030434782608695,0.818695652173913,0.007391304347826,0.0034782608695652,0.8208695652173913,0.0065217391304347,0.0039130434782608,0.8247826086956521,0.0026086956521738,0.0030434782608695,0.927391304347826
15,0.9117391304347826,0.0056521739130435,0.0034782608695652,0.8030434782608695,0.0143478260869565,0.0091304347826087,0.8134782608695652,0.0052173913043478,0.0026086956521739,0.8173913043478261,0.0034782608695652,0.0034782608695651,0.8204347826086956,0.0039130434782608,0.0026086956521739,0.8217391304347826,0.0021739130434782,0.0039130434782608,0.927391304347826
20,0.9143478260869564,0.0065217391304347,0.0052173913043478,0.802608695652174,0.007391304347826,0.0078260869565216,0.8073913043478261,0.0091304347826087,0.0039130434782608,0.8147826086956522,0.0043478260869566,0.0026086956521739,0.8178260869565217,0.0034782608695651,0.0021739130434782,0.8208695652173913,0.0039130434782608,0.0026086956521739,0.927391304347826
25,0.9156521739130434,0.0013043478260869,0.0056521739130435,0.8008695652173913,0.01,0.0052173913043478,0.81,0.0052173913043478,0.0034782608695651,0.8156521739130435,0.0043478260869564,0.0021739130434782,0.8182608695652174,0.0021739130434782,0.0021739130434782,0.82,0.0026086956521738,0.0034782608695652,0.927391304347826
