Dimension,RFF Real,RFF Real 25,RFF Real 75,Eps = 1.0,Eps = 1.0 25,Eps = 1.0 75,Eps = 2.0,Eps = 2.0 25,Eps = 2.0 75,Eps = 3.0,Eps = 3.0 25,Eps = 3.0 75,Eps = 4.0,Eps = 4.0 25,Eps = 4.0 75,Eps = 5.0,Eps = 5.0 25,Eps = 5.0 75,Original Features
5,0.8937568455640745,0.00766703176341732,0.004381161007666945,0.5750273822562979,0.05147864184008766,0.055859802847754714,0.6188389923329682,0.06900328587075577,0.03943044906900328,0.6265060240963856,0.02409638554216864,0.02409638554216864,0.6626506024096386,0.020810514786418377,0.01642935377875132,0.6593647316538883,0.025191675794085433,0.026286966046002114,0.8521358159912377
10,0.9101861993428259,0.004381161007667056,0.003285870755750264,0.5531215772179627,0.0755750273822563,0.0657174151150055,0.6484118291347207,0.1139101861993429,0.012048192771084265,0.6385542168674698,0.049288061336254074,0.027382256297919016,0.6659364731653888,0.02409638554216864,0.014238773274917849,0.6615553121577218,0.03285870755750275,0.019715224534501696,0.8521358159912377
15,0.9025191675794085,0.006571741511500528,0.006571741511500528,0.583789704271632,0.07119386637458935,0.050383351588170866,0.6232201533406353,0.15334063526834613,0.03066812705366917,0.6538882803943045,0.07009857612267245,0.02300109529025196,0.6538882803943045,0.02957283680175249,0.018619934282584905,0.6527929901423878,0.019715224534501696,0.02409638554216864,0.8521358159912377
20,0.8937568455640745,0.005476451259583848,0.012048192771084265,0.56078860898138,0.11500547645125958,0.07995618838992335,0.5892661555312158,0.09748083242059141,0.048192771084337394,0.5991237677984665,0.11938663745892658,0.05914567360350498,0.6407447973713034,0.06133625410733845,0.02409638554216864,0.6451259583789705,0.0470974808324206,0.017524644030668113,0.8521358159912377
25,0.8904709748083242,0.005476451259583737,0.0065717415115006395,0.547645125958379,0.19934282584885,0.07119386637458924,0.5432639649507119,0.0657174151150055,0.10733844468784226,0.6385542168674698,0.07776560788608977,0.03066812705366928,0.6407447973713034,0.05257393209200445,0.026286966046002225,0.6330777656078861,0.13362541073384449,0.02190580503833517,0.8521358159912377
