Dimension,PCA,Eps = 1.0,Eps = 1.0 25,Eps = 1.0 75,Eps = 2.0,Eps = 2.0 25,Eps = 2.0 75,Eps = 3.0,Eps = 3.0 25,Eps = 3.0 75,Eps = 4.0,Eps = 4.0 25,Eps = 4.0 75,Eps = 5.0,Eps = 5.0 25,Eps = 5.0 75,Original Features
5,0.9409190371991247,0.5054704595185996,0.012035010940919078,0.0,0.5054704595185996,0.012035010940919078,0.02516411378555794,0.5054704595185996,0.03829321663019697,0.01094091903719907,0.5142231947483589,0.007658643326039383,0.04814004376367609,0.4759299781181619,0.04923413566739604,0.059080962800875325,0.9288840262582057
10,0.9529540481400438,0.5054704595185996,0.010940919037199126,0.0,0.5054704595185996,0.010940919037199126,0.003282275711159688,0.5054704595185996,0.010940919037199126,0.009846827133479175,0.5120350109409191,0.006564551422319487,0.0415754923413566,0.5164113785557987,0.021881838074398197,0.01641137855579866,0.9288840262582057
15,0.9507658643326039,0.49452954048140046,0.0,0.010940919037199126,0.5054704595185996,0.010940919037199126,0.0,0.5054704595185996,0.010940919037199126,0.02844638949671774,0.5054704595185996,0.010940919037199126,0.00547045951859948,0.5054704595185996,0.010940919037199126,0.01969365426695835,0.9288840262582057
20,0.9518599562363238,0.5054704595185996,0.010940919037199126,0.0,0.5054704595185996,0.010940919037199126,0.0,0.49452954048140046,0.0,0.010940919037199126,0.5054704595185996,0.010940919037199126,0.0,0.49452954048140046,0.005470459518599591,0.014223194748358814,0.9288840262582057
25,0.9518599562363238,0.5054704595185996,0.010940919037199126,0.0,0.5054704595185996,0.010940919037199126,0.0,0.5054704595185996,0.010940919037199126,0.0,0.49452954048140046,0.0032822757111597434,0.010940919037199126,0.5054704595185996,0.010940919037199126,0.0,0.9288840262582057
