Dimension,PCA,Eps = 1.0,Eps = 1.0 25,Eps = 1.0 75,Eps = 3.0,Eps = 3.0 25,Eps = 3.0 75,Eps = 5.0,Eps = 5.0 25,Eps = 5.0 75,Original Features
1,0.8106060606060606,0.5183982683982684,0.047619047619047616,0.02813852813852813,0.5194805194805194,0.028138528138528074,0.010822510822510845,0.5173160173160173,0.02380952380952378,0.031385281385281405,0.8603896103896104
5,0.9361471861471862,0.5043290043290043,0.008658008658008642,0.04329004329004338,0.5205627705627706,0.02380952380952378,0.02922077922077926,0.4967532467532468,0.09199134199134201,0.09956709956709958,0.8603896103896104
10,0.9318181818181818,0.49567099567099565,0.0,0.008658008658008642,0.49567099567099565,0.014069264069264065,0.008658008658008642,0.5021645021645021,0.021645021645021634,0.04653679653679654,0.8603896103896104
15,0.9058441558441559,0.5043290043290043,0.008658008658008642,0.0,0.4967532467532468,0.0010822510822511289,0.0075757575757575135,0.4989177489177489,0.012987012987012991,0.015151515151515194,0.8603896103896104
20,0.8906926406926406,0.49567099567099565,0.0,0.008658008658008642,0.5010822510822511,0.005411255411255478,0.0032467532467531646,0.5,0.004329004329004349,0.0043290043290042934,0.8603896103896104
25,0.8820346320346321,0.49567099567099565,0.0,0.008658008658008642,0.4989177489177489,0.0032467532467532756,0.005411255411255367,0.5043290043290043,0.008658008658008642,0.005411255411255422,0.8603896103896104
