Dimension,PCA,Eps = 1.0,Eps = 1.0 25,Eps = 1.0 75,Eps = 2.0,Eps = 2.0 25,Eps = 2.0 75,Eps = 3.0,Eps = 3.0 25,Eps = 3.0 75,Eps = 4.0,Eps = 4.0 25,Eps = 4.0 75,Eps = 5.0,Eps = 5.0 25,Eps = 5.0 75,Original Features
5,0.9376344086021505,0.5064516129032258,0.019354838709677413,0.03978494623655915,0.5,0.027956989247311825,0.02580645161290318,0.5365591397849462,0.12903225806451607,0.029032258064516148,0.5258064516129032,0.07849462365591392,0.04946236559139794,0.5473118279569893,0.14946236559139792,0.05913978494623651,0.8591397849462366
10,0.9301075268817204,0.4967741935483871,0.006451612903225823,0.01290322580645159,0.4967741935483871,0.006451612903225823,0.01290322580645159,0.4924731182795699,0.0021505376344086446,0.011827956989247268,0.5075268817204301,0.01720430107526888,0.022580645161290325,0.5075268817204301,0.01720430107526888,0.07634408602150533,0.8591397849462366
15,0.9182795698924732,0.49032258064516127,0.0,0.019354838709677413,0.4967741935483871,0.006451612903225823,0.01290322580645159,0.5064516129032258,0.013978494623655913,0.003225806451612856,0.5021505376344086,0.011827956989247379,0.007526881720430034,0.4967741935483871,0.005376344086021501,0.01290322580645159,0.8591397849462366
20,0.9032258064516129,0.49032258064516127,0.0,0.019354838709677413,0.49032258064516127,0.0,0.019354838709677413,0.5,0.009677419354838734,0.009677419354838679,0.5053763440860215,0.015053763440860235,0.004301075268817178,0.5021505376344086,0.011827956989247379,0.007526881720430034,0.8591397849462366
25,0.8849462365591397,0.49032258064516127,0.0,0.019354838709677413,0.5096774193548387,0.019354838709677413,0.0,0.5096774193548387,0.019354838709677413,0.0,0.5,0.009677419354838734,0.009677419354838679,0.5053763440860215,0.015053763440860235,0.004301075268817178,0.8591397849462366
