Dimension,RFF Real,RFF Real 25,RFF Real 75,Eps = 1.0,Eps = 1.0 25,Eps = 1.0 75,Eps = 2.0,Eps = 2.0 25,Eps = 2.0 75,Eps = 3.0,Eps = 3.0 25,Eps = 3.0 75,Eps = 4.0,Eps = 4.0 25,Eps = 4.0 75,Eps = 5.0,Eps = 5.0 25,Eps = 5.0 75,Original Features
5,0.8981380065717415,0.003285870755750264,0.00766703176341732,0.5826944140197152,0.04600219058050381,0.05147864184008766,0.628696604600219,0.026286966046002114,0.033953997809419545,0.6527929901423878,0.02190580503833517,0.017524644030668113,0.6736035049288062,0.006571741511500528,0.01533406352683453,0.6856516976998904,0.010952902519167584,0.017524644030668224,0.9594742606790799
10,0.927710843373494,0.005476451259583737,0.005476451259583848,0.6089813800657174,0.0657174151150055,0.020810514786418377,0.6122672508214677,0.03066812705366928,0.0470974808324206,0.6538882803943045,0.027382256297918905,0.033953997809419545,0.6823658269441402,0.01533406352683453,0.017524644030668113,0.6823658269441402,0.012048192771084265,0.02300109529025196,0.9594742606790799
15,0.9342825848849945,0.004381161007667056,0.004381161007667056,0.5761226725082147,0.11281489594742611,0.035049288061336226,0.628696604600219,0.04381161007667034,0.025191675794085433,0.6538882803943045,0.03066812705366917,0.026286966046002225,0.664841182913472,0.018619934282584905,0.006571741511500528,0.6757940854326396,0.025191675794085433,0.004381161007667056,0.9594742606790799
20,0.9419496166484118,0.003285870755750264,0.005476451259583848,0.5673603504928806,0.06462212486308871,0.04600219058050381,0.6297918948521358,0.10624315443592558,0.03066812705366917,0.6473165388828039,0.03285870755750275,0.009857612267250793,0.6506024096385542,0.02957283680175249,0.03614457831325302,0.6549835706462213,0.02300109529025196,0.014238773274917849,0.9594742606790799
25,0.9452354874041621,0.003285870755750264,0.004381161007667056,0.5706462212486308,0.07119386637458924,0.02957283680175249,0.6177437020810514,0.025191675794085433,0.019715224534501696,0.6385542168674698,0.025191675794085433,0.019715224534501696,0.6538882803943045,0.02190580503833517,0.017524644030668113,0.656078860898138,0.02190580503833517,0.018619934282584794,0.9594742606790799
