Dimension,PCA,Eps = 2.5,Eps = 2.5 25,Eps = 2.5 75,Eps = 7.5,Eps = 7.5 25,Eps = 7.5 75,Eps = 12.5,Eps = 12.5 25,Eps = 12.5 75,Original Features
1,0.9191304347826087,0.8121739130434783,0.0,0.0,0.8121739130434783,0.0,0.0,0.8121739130434783,0.0,0.00043478260869556085,0.9517391304347826
5,0.9547826086956521,0.8121739130434783,0.0,0.0,0.8121739130434783,0.0,0.0,0.8121739130434783,0.0,0.0,0.9517391304347826
10,0.9582608695652174,0.8121739130434783,0.0,0.0,0.8121739130434783,0.0,0.0,0.8121739130434783,0.0,0.0,0.9517391304347826
15,0.9578260869565217,0.8121739130434783,0.0,0.0,0.8121739130434783,0.0,0.0,0.8121739130434783,0.0,0.0,0.9517391304347826
20,0.9608695652173913,0.8121739130434783,0.0,0.0,0.8121739130434783,0.0,0.0,0.8121739130434783,0.0,0.0,0.9517391304347826
25,0.9652173913043478,0.8121739130434783,0.0,0.0,0.8121739130434783,0.0,0.0,0.8121739130434783,0.0,0.0,0.9517391304347826
