Dimension,RFF Real,RFF Real 25,RFF Real 75,Eps = 2.5,Eps = 2.5 25,Eps = 2.5 75,Eps = 5.0,Eps = 5.0 25,Eps = 5.0 75,Eps = 7.5,Eps = 7.5 25,Eps = 7.5 75,Eps = 10.0,Eps = 10.0 25,Eps = 10.0 75,Eps = 12.5,Eps = 12.5 25,Eps = 12.5 75,Original Features
1,0.8217391304347826,0.018695652173913113,0.011304347826086913,0.8152173913043478,0.019565217391304346,0.00521739130434784,None,None,None,0.8169565217391305,0.016521739130434865,0.014347826086956506,None,None,None,0.8195652173913044,0.016086956521739193,0.013478260869565162,0.9747826086956521
5,0.88,0.014782608695652177,0.010000000000000009,0.8060869565217391,0.0017391304347825765,0.003043478260869592,0.8221739130434783,0.006086956521739184,0.006521739130434745,0.8382608695652174,0.009130434782608665,0.012173913043478257,0.8547826086956521,0.01521739130434785,0.014782608695652177,0.8634782608695653,0.011739130434782696,0.013478260869565162,0.98
10,0.9095652173913044,0.00521739130434784,0.007391304347826089,0.802608695652174,0.0,0.00043478260869556085,0.8065217391304348,0.0021739130434782483,0.0021739130434782483,0.818695652173913,0.006521739130434745,0.003478260869565264,0.8334782608695652,0.00260869565217392,0.009565217391304337,0.851304347826087,0.007391304347826089,0.009565217391304337,0.98
15,0.9252173913043479,0.006521739130434856,0.006086956521739073,0.802608695652174,0.0,0.0,0.802608695652174,0.0,0.0008695652173912327,0.8052173913043478,0.0013043478260869046,0.0017391304347826875,0.8143478260869565,0.003913043478260936,0.004347826086956497,0.8269565217391305,0.006956521739130528,0.0047826086956521685,0.98
20,0.9369565217391305,0.0047826086956521685,0.004347826086956497,0.802608695652174,0.0,0.0,0.802608695652174,0.0,0.0,0.8030434782608695,0.0,0.00043478260869567187,0.8078260869565217,0.0021739130434782483,0.0008695652173913437,0.8130434782608695,0.0021739130434782483,0.00260869565217392,0.98
25,0.94,0.0021739130434782483,0.004347826086956608,0.802608695652174,0.0,0.0,0.802608695652174,0.0,0.0,0.802608695652174,0.0,0.00043478260869556085,0.8043478260869565,0.0013043478260870156,0.00043478260869567187,0.8073913043478261,0.0021739130434783593,0.0013043478260869046,0.98
