Dimension,RFF Real,RFF Real 25,RFF Real 75,Eps = 2.5,Eps = 2.5 25,Eps = 2.5 75,Eps = 5.0,Eps = 5.0 25,Eps = 5.0 75,Eps = 7.5,Eps = 7.5 25,Eps = 7.5 75,Eps = 10.0,Eps = 10.0 25,Eps = 10.0 75,Eps = 12.5,Eps = 12.5 25,Eps = 12.5 75,Original Features
5,0.8695652173913043,0.01304347826086949,0.01521739130434785,0.802608695652174,0.0,0.0,0.8169565217391305,0.00521739130434784,0.01043478260869557,0.8404347826086956,0.00782608695652176,0.011304347826086913,0.8491304347826087,0.0047826086956521685,0.01782608695652166,0.8578260869565217,0.00782608695652176,0.016956521739130426,0.947391304347826
10,0.8926086956521739,0.006086956521739184,0.008695652173912993,0.802608695652174,0.0,0.0,0.8078260869565217,0.003478260869565153,0.003043478260869592,0.8221739130434783,0.0047826086956521685,0.00782608695652165,0.8408695652173913,0.00782608695652176,0.011739130434782585,0.8530434782608696,0.005652173913043512,0.013913043478260834,0.947391304347826
15,0.9069565217391304,0.006521739130434745,0.007391304347826089,0.802608695652174,0.0,0.0,0.8039130434782609,0.0008695652173913437,0.0008695652173913437,0.8126086956521739,0.003478260869565153,0.0047826086956522795,0.827391304347826,0.006521739130434745,0.00521739130434784,0.8421739130434782,0.006521739130434745,0.006086956521739184,0.947391304347826
20,0.92,0.009130434782608776,0.00260869565217392,0.802608695652174,0.0,0.0,0.8030434782608695,0.00043478260869556085,0.0008695652173913437,0.808695652173913,0.0017391304347825765,0.00260869565217392,0.8221739130434783,0.006521739130434856,0.0047826086956521685,0.8330434782608696,0.004347826086956497,0.006956521739130417,0.947391304347826
25,0.9208695652173913,0.003913043478260825,0.005652173913043512,0.802608695652174,0.0,0.0,0.8030434782608695,0.00043478260869556085,0.00043478260869567187,0.8073913043478261,0.0017391304347826875,0.004347826086956497,0.8165217391304348,0.0013043478260870156,0.008260869565217321,0.8291304347826087,0.006956521739130417,0.0047826086956521685,0.947391304347826
