Dimension,PCA,Eps = 1.0,Eps = 1.0 25,Eps = 1.0 75,Eps = 2.0,Eps = 2.0 25,Eps = 2.0 75,Eps = 3.0,Eps = 3.0 25,Eps = 3.0 75,Eps = 4.0,Eps = 4.0 25,Eps = 4.0 75,Eps = 5.0,Eps = 5.0 25,Eps = 5.0 75,Original Features
5,0.9456521739130435,0.7921739130434783,0.0,0.00043478260869567187,0.7934782608695652,0.0013043478260869046,0.00260869565217392,0.7952173913043479,0.0021739130434783593,0.003478260869565153,0.7943478260869565,0.0008695652173913437,0.0047826086956521685,0.7952173913043479,0.0013043478260870156,0.003043478260869481,0.9234782608695652
10,0.9482608695652174,0.7921739130434783,0.0,0.0,0.7921739130434783,0.0,0.0,0.7921739130434783,0.0,0.0,0.7921739130434783,0.0,0.0008695652173912327,0.7921739130434783,0.0,0.0047826086956521685,0.9234782608695652
15,0.9434782608695652,0.7921739130434783,0.0,0.0,0.7921739130434783,0.0,0.0,0.7921739130434783,0.0,0.0,0.7921739130434783,0.0,0.0,0.7921739130434783,0.0,0.0,0.9234782608695652
20,0.9382608695652174,0.7921739130434783,0.0,0.0,0.7921739130434783,0.0,0.0,0.7921739130434783,0.0,0.0,0.7921739130434783,0.0,0.0,0.7921739130434783,0.0,0.00043478260869567187,0.9234782608695652
25,0.9304347826086956,0.7921739130434783,0.0,0.0,0.7921739130434783,0.0,0.0,0.7921739130434783,0.0,0.0,0.7921739130434783,0.0,0.0,0.7921739130434783,0.0,0.0,0.9234782608695652
