Dimension,PCA,Eps = 1.0,Eps = 1.0 25,Eps = 1.0 75,Eps = 3.0,Eps = 3.0 25,Eps = 3.0 75,Eps = 5.0,Eps = 5.0 25,Eps = 5.0 75,Original Features
1,0.8324205914567361,0.4939759036144578,0.027382256297918905,0.01204819277108432,0.4874041621029573,0.08871851040525741,0.07447973713033956,0.592552026286966,0.02409638554216864,0.03176341730558596,0.9145673603504929
5,0.9474260679079957,0.5060240963855421,0.01204819277108432,0.0,0.5060240963855421,0.014238773274917793,0.026286966046002225,0.5180722891566265,0.06352683461117198,0.02409638554216864,0.9145673603504929
10,0.9496166484118291,0.5060240963855421,0.01204819277108432,0.0,0.5060240963855421,0.014238773274917793,0.009857612267250904,0.5060240963855421,0.03176341730558596,0.03943044906900328,0.9145673603504929
15,0.9474260679079957,0.4939759036144578,0.0,0.01204819277108432,0.5060240963855421,0.01204819277108432,0.004381161007667056,0.4939759036144578,0.0010952902519167362,0.01204819277108432,0.9145673603504929
20,0.9529025191675794,0.5060240963855421,0.01204819277108432,0.0,0.5060240963855421,0.01204819277108432,0.0,0.4939759036144578,0.008762322015334056,0.01204819277108432,0.9145673603504929
25,0.9463307776560789,0.4939759036144578,0.0,0.01204819277108432,0.5060240963855421,0.01204819277108432,0.0,0.4939759036144578,0.0,0.02519167579408549,0.9145673603504929
