Dimension,PCA,Eps = 1.0,Eps = 1.0 25,Eps = 1.0 75,Eps = 2.0,Eps = 2.0 25,Eps = 2.0 75,Eps = 3.0,Eps = 3.0 25,Eps = 3.0 75,Eps = 4.0,Eps = 4.0 25,Eps = 4.0 75,Eps = 5.0,Eps = 5.0 25,Eps = 5.0 75,Original Features
10,0.9505672609400324,0.7285251215559158,0.15721231766612642,0.044570502431118264,0.7244732576985413,0.05348460291734192,0.06969205834683956,0.7884927066450568,0.03241491085899517,0.007293354943273878,0.7706645056726094,0.040518638573743826,0.021880064829821744,0.7917341977309562,0.013776337115072868,0.004051863857374438,0.9878444084278768
20,0.9870340356564019,0.7674230145867099,0.27390599675850896,0.028363047001620734,0.7050243111831442,0.260129659643436,0.073743922204214,0.7398703403565641,0.10777957860615883,0.05348460291734192,0.7139384116693679,0.06645056726094001,0.0672609400324149,0.7755267423014587,0.09076175040518641,0.01620745542949753,0.9878444084278768
30,0.993517017828201,0.20421393841166938,0.0,0.5915721231766613,0.5089141004862237,0.25202593192868716,0.2852512155591572,0.6426256077795786,0.2042139384116693,0.14586709886547822,0.5891410048622366,0.22366288492706649,0.12641815235008103,0.7009724473257699,0.22609400324149115,0.08346839546191243,0.9878444084278768
40,0.9918962722852512,0.20421393841166938,0.0,0.5915721231766613,0.7957860615883307,0.22690437601296598,0.0,0.6223662884927067,0.2649918962722853,0.17179902755267418,0.44408427876823336,0.23095623987034034,0.29740680713128037,0.45623987034035657,0.21393841166936792,0.3257698541329011,0.9878444084278768
50,0.993517017828201,0.20421393841166938,0.0,0.3038897893030794,0.43030794165316044,0.22609400324149106,0.3654781199351702,0.7058346839546191,0.3225283630470016,0.08914100486223664,0.6166936790923825,0.3760129659643436,0.17909238249594817,0.5810372771474879,0.35980551053484605,0.20583468395461912,0.9878444084278768
