Dimension,RFF Real,RFF Real 25,RFF Real 75,Eps = 1.0,Eps = 1.0 25,Eps = 1.0 75,Eps = 2.0,Eps = 2.0 25,Eps = 2.0 75,Eps = 3.0,Eps = 3.0 25,Eps = 3.0 75,Eps = 4.0,Eps = 4.0 25,Eps = 4.0 75,Eps = 5.0,Eps = 5.0 25,Eps = 5.0 75,Original Features
5,0.830938292476754,0.0008453085376162184,0.002535925612848766,0.8300929839391378,0.0,0.0,0.8300929839391378,0.0,0.0,0.8300929839391378,0.0,0.0,0.8300929839391378,0.0,0.0,0.8300929839391378,0.0,0.0,0.978021978021978
10,0.834319526627219,0.002535925612848766,0.0219780219780219,0.8233305156382079,0.028740490278951758,0.005071851225697421,0.8300929839391378,0.0,0.0,0.8300929839391378,0.0,0.0,0.8300929839391378,0.0,0.0,0.8300929839391378,0.0,0.0,0.978021978021978
15,0.8453085376162299,0.0076077768385460764,0.013524936601859716,0.7557058326289096,0.14961961115807265,0.06846999154691458,0.8292476754015216,0.00591715976331364,0.0008453085376162184,0.8300929839391378,0.0,0.0,0.8300929839391378,0.0,0.0,0.8300929839391378,0.0,0.0,0.978021978021978
20,0.8562975486052409,0.006762468300929858,0.012679628064243498,0.7261200338123415,0.13355874894336428,0.07100591715976334,0.7869822485207101,0.04564666103127646,0.0388841927303466,0.8292476754015216,0.018596787827557026,0.0008453085376162184,0.8300929839391378,0.0,0.0,0.8300929839391378,0.0,0.0,0.978021978021978
25,0.8723584108199492,0.009298393913778513,0.008453085376162295,0.6770921386306001,0.11580726965342347,0.11749788672865602,0.8165680473372781,0.03888419273034649,0.006762468300929858,0.8165680473372781,0.04057480980557904,0.009298393913778624,0.8292476754015216,0.012679628064243498,0.0008453085376162184,0.8300929839391378,0.0008453085376162184,0.0,0.978021978021978
