Dimension,RFF Real,RFF Real 25,RFF Real 75,Eps = 1.0,Eps = 1.0 25,Eps = 1.0 75,Eps = 2.0,Eps = 2.0 25,Eps = 2.0 75,Eps = 3.0,Eps = 3.0 25,Eps = 3.0 75,Eps = 4.0,Eps = 4.0 25,Eps = 4.0 75,Eps = 5.0,Eps = 5.0 25,Eps = 5.0 75,Original Features
5,0.6554495228528378,0.019085886489201398,0.028628829733802097,0.5339025615268709,0.029131089904570473,0.027624309392265234,0.5695630336514315,0.02511300853842291,0.022601707684580585,0.5760924158714213,0.022601707684580585,0.03817177297840291,0.5816172777498745,0.027122049221496747,0.06077348066298338,0.6052235057759919,0.03566047212456047,0.016574585635359185,0.9914615770969362
10,0.7463586137619287,0.02360622802611756,0.02009040683073826,0.5158211953792065,0.03114013058764442,0.03264691109994977,0.5399296835760924,0.022601707684580585,0.03967855349070826,0.5519839276745354,0.03114013058764442,0.03114013058764442,0.5725765946760422,0.025615268709191286,0.023103967855349072,0.5961828227021597,0.027624309392265234,0.029131089904570584,0.9914615770969362
15,0.8171772978402813,0.013561024610748373,0.020090406830738372,0.5002511300853842,0.013561024610748373,0.02812656956303361,0.5303867403314917,0.03566047212456053,0.024108488196886046,0.5168257157207433,0.019085886489201398,0.055750878955298844,0.5404319437468609,0.01858362631843291,0.03716725263686593,0.586639879457559,0.06378704168759419,0.03264691109994977,0.9914615770969362
20,0.8583626318432949,0.01406328478151686,0.007031642390758375,0.4932194876946258,0.027122049221496747,0.02109492717227529,0.5027624309392266,0.016072325464590698,0.022601707684580585,0.5193370165745856,0.020592667001506804,0.05123053741838268,0.5419387242591662,0.018081366147664424,0.018081366147664535,0.5203415369161225,0.014565544952285236,0.03465595178302361,0.9914615770969362
25,0.880462079357107,0.013561024610748373,0.017579105976896048,0.5002511300853842,0.012054244098443023,0.007031642390758375,0.5067805123053741,0.010547463586137562,0.015067805123053835,0.5002511300853842,0.017579105976896048,0.03114013058764442,0.5168257157207433,0.030637870416875934,0.0632847815168257,0.5238573581115018,0.017579105976896048,0.057257659467604194,0.9914615770969362
