Dimension,RFF Real,RFF Real 25,RFF Real 75,Eps = 1.0,Eps = 1.0 25,Eps = 1.0 75,Eps = 2.0,Eps = 2.0 25,Eps = 2.0 75,Eps = 3.0,Eps = 3.0 25,Eps = 3.0 75,Eps = 4.0,Eps = 4.0 25,Eps = 4.0 75,Eps = 5.0,Eps = 5.0 25,Eps = 5.0 75,Original Features
5,0.8300929839391378,0.0,0.009298393913778513,0.8300929839391378,0.0,0.0,0.8300929839391378,0.0,0.0,0.8300929839391378,0.0,0.0,0.8300929839391378,0.0,0.0,0.8300929839391378,0.0,0.0,0.9721048182586645
10,0.8351648351648352,0.004226542688081203,0.006762468300929858,0.8300929839391378,0.0,0.0,0.8300929839391378,0.0,0.0,0.8300929839391378,0.0,0.0,0.8300929839391378,0.0,0.0,0.8300929839391378,0.0,0.0,0.9721048182586645
15,0.8486897717666948,0.0076077768385460764,0.010143702451394843,0.8300929839391378,0.0,0.0,0.8300929839391378,0.0,0.0,0.8300929839391378,0.0,0.0,0.8300929839391378,0.0,0.0,0.8300929839391378,0.0,0.0,0.9721048182586645
20,0.8613693998309383,0.008453085376162295,0.01606086221470837,0.8300929839391378,0.0,0.0,0.8300929839391378,0.0,0.0,0.8300929839391378,0.0,0.0,0.8300929839391378,0.0,0.0,0.8300929839391378,0.0,0.0,0.9721048182586645
25,0.8765849535080305,0.0076077768385460764,0.006762468300929858,0.8300929839391378,0.0,0.0,0.8300929839391378,0.0,0.0,0.8300929839391378,0.0,0.0,0.8300929839391378,0.0,0.0,0.8300929839391378,0.0,0.0,0.9721048182586645
