Dimension,PCA,Eps = 1.0,Eps = 1.0 25,Eps = 1.0 75,Eps = 3.0,Eps = 3.0 25,Eps = 3.0 75,Eps = 5.0,Eps = 5.0 25,Eps = 5.0 75,Original Features
1,0.5494726268206931,0.5072827724761426,0.0005022601707684871,0.0005022601707684871,0.5243596182822702,0.016574585635359074,0.07985936715218489,0.5640381717729784,0.02209944751381221,0.024108488196885935,0.9718734304369664
5,0.8031140130587644,0.5077850326469111,0.0005022601707684871,0.0,0.5082872928176796,0.0010045203415369741,0.007533902561526862,0.581115017579106,0.015067805123053724,0.04570567553992966,0.9718734304369664
10,0.9236564540431944,0.5072827724761426,0.0,0.0005022601707684871,0.5077850326469111,0.0010045203415369741,0.0005022601707684871,0.5349070818684079,0.022601707684580585,0.007031642390758375,0.9718734304369664
15,0.9357106981416373,0.5067805123053741,0.0,0.0005022601707684871,0.5072827724761426,0.0,0.0005022601707684871,0.5102963335007534,0.0025113008538423243,0.004018081366147674,0.9718734304369664
20,0.9447513812154696,0.5072827724761426,0.0005022601707684871,0.0005022601707684871,0.5072827724761426,0.0,0.0005022601707684871,0.5082872928176796,0.0005022601707684871,0.002009040683073837,0.9718734304369664
25,0.9532898041185334,0.5072827724761426,0.0005022601707684871,0.0005022601707684871,0.5077850326469111,0.0010045203415369741,0.0005022601707684871,0.5072827724761426,0.0005022601707684871,0.0010045203415369741,0.9718734304369664
