Dimension,RFF Real,RFF Real 25,RFF Real 75,Eps = 1.0,Eps = 1.0 25,Eps = 1.0 75,Eps = 2.0,Eps = 2.0 25,Eps = 2.0 75,Eps = 3.0,Eps = 3.0 25,Eps = 3.0 75,Eps = 4.0,Eps = 4.0 25,Eps = 4.0 75,Eps = 5.0,Eps = 5.0 25,Eps = 5.0 75,Original Features
5,0.8351648351648352,0.00591715976331364,0.013524936601859605,0.8300929839391378,0.0,0.0,0.8300929839391378,0.0,0.0,0.8300929839391378,0.0,0.0,0.8300929839391378,0.0,0.0,0.8300929839391378,0.0,0.0,0.9873203719357565
10,0.8469991546914624,0.00591715976331364,0.010989010989011061,0.8300929839391378,0.0,0.0,0.8300929839391378,0.0,0.0,0.8300929839391378,0.0,0.0,0.8300929839391378,0.0,0.0,0.8300929839391378,0.0,0.0,0.9873203719357565
15,0.8791208791208791,0.006762468300929858,0.010143702451394732,0.8250211327134404,0.004226542688081092,0.004226542688081203,0.8250211327134404,0.011834319526627168,0.002535925612848766,0.8275570583262891,0.004226542688081203,0.002535925612848655,0.8267117497886729,0.0076077768385460764,0.0016906170752324368,0.8267117497886729,0.002535925612848766,0.002535925612848655,0.9873203719357565
20,0.8960270498732037,0.00591715976331364,0.00591715976331364,0.7912087912087912,0.03972950126796282,0.025359256128486884,0.8081149619611158,0.02282333051563812,0.01183431952662728,0.8182586644125106,0.010143702451394843,0.009298393913778513,0.8005071851225697,0.024513947590870666,0.0169061707523247,0.8148774302620456,0.0008453085376162184,0.009298393913778513,0.9873203719357565
25,0.9129332206255283,0.00507185122569731,0.0076077768385460764,0.7844463229078613,0.02789518174133554,0.024513947590870777,0.797971259509721,0.054099746407438754,0.017751479289940808,0.7962806424344886,0.01690617075232459,0.012679628064243498,0.7895181741335587,0.036348267117497834,0.023668639053254448,0.7996618765849535,0.041420118343195256,0.02197802197802201,0.9873203719357565
