Dimension,PCA,Eps = 1.0,Eps = 1.0 25,Eps = 1.0 75,Eps = 2.0,Eps = 2.0 25,Eps = 2.0 75,Eps = 3.0,Eps = 3.0 25,Eps = 3.0 75,Eps = 4.0,Eps = 4.0 25,Eps = 4.0 75,Eps = 5.0,Eps = 5.0 25,Eps = 5.0 75,Original Features
5,0.7644399799095931,0.5700652938222,0.026117528879959884,0.04068307383224501,0.6489201406328479,0.030135610246107558,0.01707684580612756,0.6730286288297338,0.011551983927674536,0.016574585635359074,0.6835760924158715,0.008538422903063836,0.008538422903063725,0.6906077348066298,0.0050226017076846485,0.007533902561526862,0.9884480160723255
10,0.958312405826218,0.5675539929683576,0.05474635861376198,0.030637870416875934,0.6464088397790055,0.07031642390758419,0.03616273229532896,0.7016574585635359,0.024108488196885935,0.02963335007533907,0.7453540934203917,0.03465595178302361,0.02963335007533907,0.7714716223003516,0.020090406830738372,0.04018081366147663,0.9884480160723255
15,0.9839276745354093,0.5248618784530387,0.016574585635359074,0.028628829733802097,0.5640381717729784,0.02511300853842291,0.024610748367654423,0.5971873430436966,0.03917629331993966,0.033651431441486745,0.6328478151682572,0.025615268709191397,0.02812656956303361,0.6896032144650929,0.04871923656454036,0.009542943244600699,0.9884480160723255
20,0.9869412355600201,0.5399296835760924,0.039678553490708146,0.030135610246107558,0.5565042692114516,0.04118533400301361,0.01557006529382221,0.5459568056253139,0.02360622802611756,0.04570567553992966,0.5770969362129583,0.035158211953792096,0.018081366147664535,0.5881466599698644,0.01406328478151686,0.030637870416875934,0.9884480160723255
25,0.9899547965846308,0.5238573581115018,0.03164239075841291,0.024108488196885935,0.5278754394776495,0.019588146659969885,0.026117528879959773,0.5394274234053239,0.030135610246107447,0.03465595178302361,0.5710698141637368,0.024108488196885935,0.02812656956303361,0.5881466599698644,0.022601707684580585,0.02511300853842291,0.9884480160723255
