Dimension,PCA,Eps = 1.0,Eps = 1.0 25,Eps = 1.0 75,Eps = 2.0,Eps = 2.0 25,Eps = 2.0 75,Eps = 3.0,Eps = 3.0 25,Eps = 3.0 75,Eps = 4.0,Eps = 4.0 25,Eps = 4.0 75,Eps = 5.0,Eps = 5.0 25,Eps = 5.0 75,Original Features
1,0.5529884480160723,0.025615268709191286,0.03766951280763442,0.5549974886991461,0.036664992466097446,0.02812656956303372,None,None,None,0.5544952285283777,0.028628829733802097,0.032144650929181284,None,None,None,0.5539929683576093,0.026117528879959773,0.03114013058764442,0.9899547965846308
5,0.8662884927066451,0.7658022690437601,0.04051863857374394,0.024311183144246296,0.7957860615883307,0.008103727714748765,0.0,0.7957860615883307,0.0,0.0,0.7957860615883307,0.0,0.0,0.7957860615883307,0.0,0.0,0.993517017828201
10,0.9424635332252836,0.7098865478119936,0.21555915721231772,0.054294975688816804,0.779578606158833,0.07455429497568877,0.014586709886547866,0.7901134521880064,0.02998379254457051,0.005672609400324213,0.7917341977309562,0.021880064829821744,0.004051863857374438,0.7884927066450568,0.011345218800648316,0.007293354943273878,0.993517017828201
15,0.9805510534846029,0.4878444084278768,0.26985413290113447,0.23581847649918963,0.6717990275526742,0.1645056726094003,0.09562398703403574,0.7682333873581848,0.14181523500810378,0.02593192868719607,0.7593192868719612,0.08752025931928697,0.02674230145867096,0.7641815235008104,0.06320907617504046,0.02998379254457051,0.993517017828201
20,0.9878444084278768,0.2406807131280389,0.03646677471636953,0.5494327390599676,0.6774716369529984,0.21312803889789306,0.11102106969205838,0.6823338735818476,0.08670988654781198,0.06807131280388978,0.7398703403565641,0.15721231766612642,0.043760129659643376,0.6896272285251216,0.08184764991896276,0.07617504051863855,0.993517017828201
25,0.993517017828201,0.4683954619124797,0.26418152350081037,0.32739059967585094,0.48946515397082657,0.2739059967585089,0.30307941653160453,0.7625607779578606,0.3719611021069692,0.031604538087520284,0.6993517017828201,0.21150729335494334,0.08184764991896265,0.7147487844408428,0.02593192868719607,0.06888168557536467,0.993517017828201
