Dimension,RFF Real,RFF Real 25,RFF Real 75,Eps = 1.0,Eps = 1.0 25,Eps = 1.0 75,Eps = 2.0,Eps = 2.0 25,Eps = 2.0 75,Eps = 3.0,Eps = 3.0 25,Eps = 3.0 75,Eps = 4.0,Eps = 4.0 25,Eps = 4.0 75,Eps = 5.0,Eps = 5.0 25,Eps = 5.0 75,Original Features
10,0.748869914615771,0.0311401305876444,0.0145655449522852,0.5178302360622803,0.0170768458061275,0.0205926670015067,0.5484681064791562,0.0246107483676544,0.0155700652938222,0.5519839276745354,0.0185836263184329,0.0311401305876444,0.5680562531391261,0.0316423907584129,0.0135610246107483,0.5941737820190859,0.0276243093922652,0.0100452034153691,0.9904570567553992
20,0.8513309894525364,0.0105474635861375,0.0075339025615268,0.4992466097438473,0.0150678051230537,0.0170768458061276,0.5052737317930688,0.0155700652938221,0.0155700652938222,0.5374183827222502,0.0215971873430437,0.0190858864892013,0.5364138623807132,0.028628829733802,0.0301356102461074,0.5715720743345053,0.0301356102461075,0.028628829733802,0.9904570567553992
30,0.9070818684078352,0.0130587644399798,0.005524861878453,0.5012556504269211,0.0120542440984429,0.0421898543445504,0.4937217478653943,0.017579105976896,0.0090406830738322,0.5102963335007534,0.0145655449522853,0.0336514314414866,0.5188347564038172,0.0195881466599698,0.0105474635861376,0.5419387242591662,0.0210949271722752,0.0316423907584129,0.9904570567553992
40,0.932194876946258,0.0090406830738322,0.0070316423907584,0.4992466097438473,0.029633350075339,0.0321446509291813,0.5223505775991963,0.0296333500753389,0.0306378704168759,0.5047714716223004,0.0110497237569061,0.0401808136614766,0.5143144148669011,0.0205926670015068,0.0366649924660973,0.5484681064791562,0.0215971873430437,0.047212456052235,0.9904570567553992
50,0.9457559015570064,0.0070316423907583,0.0060271220492215,0.5052737317930688,0.0301356102461074,0.0266197890507282,0.5183324962330487,0.0251130085384228,0.0180813661476645,0.5268709191361125,0.0401808136614766,0.011049723756906,0.532898041185334,0.0100452034153691,0.017579105976896,0.5474635861376193,0.0356604721245604,0.0070316423907584,0.9904570567553992
