Dimension,PCA,Eps = 1.0,Eps = 1.0 25,Eps = 1.0 75,Eps = 3.0,Eps = 3.0 25,Eps = 3.0 75,Eps = 5.0,Eps = 5.0 25,Eps = 5.0 75,Original Features
1,0.5781014565544952,0.5072827724761426,0.014565544952285236,0.030135610246107558,0.5544952285283777,0.04570567553992977,0.05273731793068803,0.5720743345052738,0.02812656956303372,0.03415369161225512,0.9899547965846308
5,0.8297338021094928,0.5067805123053741,0.014565544952285236,0.014565544952285348,0.508789552988448,0.002009040683073837,0.09492717227523861,0.5891511803114013,0.06529382219989954,0.039678553490708146,0.9899547965846308
10,0.9568056253139126,0.5047714716223004,0.02059266700150686,0.04018081366147663,0.5188347564038172,0.0125565042692114,0.030637870416875934,0.5364138623807132,0.029131089904570584,0.030135610246107447,0.9899547965846308
15,0.982420894023104,0.5072827724761426,0.013561024610748318,0.011551983927674536,0.5077850326469111,0.012054244098443023,0.030135610246107447,0.5183324962330487,0.010045203415369075,0.03967855349070826,0.9899547965846308
20,0.9859367152184831,0.5072827724761426,0.013058764439979886,0.006529382219989999,0.5102963335007534,0.019085886489201453,0.029131089904570473,0.5067805123053741,0.016072325464590587,0.02511300853842291,0.9899547965846308
25,0.9909593169261678,0.5062782521346058,0.015067805123053779,0.002009040683073837,0.5077850326469111,0.010045203415369186,0.049221496735308845,0.5097940733299849,0.010045203415369186,0.04972375690607733,0.9899547965846308
