Dimension,PCA,Eps = 1.0,Eps = 1.0 25,Eps = 1.0 75,Eps = 2.0,Eps = 2.0 25,Eps = 2.0 75,Eps = 3.0,Eps = 3.0 25,Eps = 3.0 75,Eps = 4.0,Eps = 4.0 25,Eps = 4.0 75,Eps = 5.0,Eps = 5.0 25,Eps = 5.0 75,Original Features
5,0.8257157207433451,0.5665494726268206,0.0316423907584128,0.07232546459065803,0.6730286288297338,0.02360622802611756,0.03314917127071826,0.7122049221496736,0.030135610246107558,0.03114013058764431,0.7282772476142642,0.015067805123053724,0.01707684580612756,0.747865394274234,0.018081366147664424,0.02511300853842291,0.9899547965846308
10,0.9598191863385234,0.5067805123053741,0.023606228026117504,0.03967855349070826,0.5695630336514315,0.05022601707684582,0.050728277247614195,0.5675539929683576,0.046207935710698145,0.05323957810145652,0.6449020592667002,0.03314917127071826,0.02360622802611745,0.6564540431943747,0.03867403314917128,0.036664992466097446,0.9899547965846308
15,0.982420894023104,0.4937217478653943,0.013058764439979942,0.01305876443997983,0.5183324962330487,0.03867403314917123,0.09040683073832245,0.5203415369161225,0.02561526870919134,0.03164239075841291,0.5680562531391261,0.03716725263686593,0.06278252134605722,0.562531391260673,0.050728277247614195,0.057257659467604305,0.9899547965846308
20,0.9884480160723255,0.4932194876946258,0.0015067805123053502,0.013561024610748318,0.5253641386238072,0.026117528879959828,0.025615268709191286,0.5067805123053741,0.03666499246609739,0.02963335007533907,0.5640381717729784,0.06479156202913111,0.04269211451531896,0.5404319437468609,0.03465595178302361,0.05625313912606733,0.9899547965846308
25,0.9894525364138623,0.5067805123053741,0.013561024610748318,0.0,0.5042692114515319,0.011049723756906105,0.0030135610246107003,0.5118031140130588,0.022099447513812154,0.05625313912606733,0.5082872928176796,0.01255650426921151,0.039678553490708146,0.5258663987945756,0.043194374686087444,0.058764439979909544,0.9899547965846308
