Dimension,PCA,Eps = 1.0,Eps = 1.0 25,Eps = 1.0 75,Eps = 2.0,Eps = 2.0 25,Eps = 2.0 75,Eps = 3.0,Eps = 3.0 25,Eps = 3.0 75,Eps = 4.0,Eps = 4.0 25,Eps = 4.0 75,Eps = 5.0,Eps = 5.0 25,Eps = 5.0 75,Original Features
5,0.7699648417880463,0.5077850326469111,0.0095429432446006,0.0452034153691611,0.5735811150175791,0.0391762933199397,0.0366649924660974,0.6288297338021095,0.0436966348568558,0.0135610246107483,0.6343545956805625,0.0311401305876444,0.0190858864892013,0.6594676042189854,0.0145655449522852,0.0130587644399798,0.9899547965846308
10,0.962832747363134,0.5067805123053741,0.0085384229030637,0.0291310899045705,0.5258663987945756,0.0236062280261175,0.0688096433952787,0.5434455047714716,0.040683073832245,0.0617780010045203,0.6363636363636364,0.0793571069814164,0.0452034153691612,0.6102461074836766,0.029633350075339,0.0376695128076343,0.9899547965846308
15,0.9839276745354092,0.5067805123053741,0.0135610246107483,0.0,0.5072827724761426,0.016574585635359,0.0105474635861376,0.5123053741838273,0.0055248618784531,0.0306378704168759,0.5464590657960824,0.0326469110999497,0.0341536916122551,0.5268709191361125,0.0155700652938222,0.0969362129583124,0.9899547965846308
20,0.9864389753892516,0.5057759919638373,0.0125565042692114,0.0015067805123053,0.5067805123053741,0.0160723254645905,0.0060271220492215,0.5067805123053741,0.011049723756906,0.0090406830738323,0.5042692114515319,0.017579105976896,0.0256152687091912,0.5168257157207433,0.0100452034153691,0.0637870416875941,0.9899547965846308
25,0.9899547965846308,0.5067805123053741,0.0135610246107483,0.0,0.5067805123053741,0.0130587644399798,0.0025113008538423,0.5067805123053741,0.0135610246107483,0.0226017076845806,0.5148166750376695,0.0241084881968859,0.018583626318433,0.5123053741838273,0.0055248618784531,0.0507282772476141,0.9899547965846308
