Dimension,PCA,Eps = 1.0,Eps = 1.0 25,Eps = 1.0 75,Eps = 2.0,Eps = 2.0 25,Eps = 2.0 75,Eps = 3.0,Eps = 3.0 25,Eps = 3.0 75,Eps = 4.0,Eps = 4.0 25,Eps = 4.0 75,Eps = 5.0,Eps = 5.0 25,Eps = 5.0 75,Original Features
5,0.8633852335509794,0.5067805123053741,0.013561024610748318,0.0045203415369161615,0.5107985936715218,0.008538422903063725,0.06780512305374187,0.55700652938222,0.04319437468608733,0.04570567553992977,0.5806127574083375,0.04520341536916117,0.029131089904570584,0.6072325464590658,0.06479156202913106,0.018583626318433022,0.9914615770969362
10,0.9568056253139126,0.5037669512807634,0.009542943244600699,0.02661978905072826,0.5133098945253641,0.017579105976896048,0.022601707684580585,0.527373179306881,0.02059266700150686,0.05625313912606733,0.5168257157207433,0.023103967855349017,0.020090406830738372,0.5645404319437468,0.05826217980914106,0.04671019588146663,0.9914615770969362
15,0.9784028126569563,0.5067805123053741,0.013561024610748318,0.010045203415369186,0.5123053741838273,0.020592667001506804,0.028628829733802097,0.5082872928176796,0.02963335007533907,0.02661978905072826,0.5077850326469111,0.01808136614766448,0.030135610246107447,0.5238573581115018,0.02059266700150686,0.03566047212456047,0.9914615770969362
20,0.9884480160723255,0.4937217478653943,0.0005022601707684871,0.021597187343043667,0.5077850326469111,0.008036162732295349,0.014565544952285236,0.5067805123053741,0.03566047212456047,0.02812656956303372,0.5092918131592165,0.016574585635359074,0.046207935710698145,0.5308890005022602,0.03716725263686588,0.03616273229532896,0.9914615770969362
25,0.9909593169261678,0.5062782521346058,0.013058764439979942,0.000502260170768376,0.5097940733299849,0.011551983927674536,0.02360622802611756,0.5002511300853842,0.013058764439979942,0.008538422903063725,0.5037669512807634,0.019588146659969885,0.01255650426921151,0.5067805123053741,0.01155198392767448,0.018583626318433022,0.9914615770969362
