Dimension,PCA,Eps = 1.0,Eps = 1.0 25,Eps = 1.0 75,Eps = 2.0,Eps = 2.0 25,Eps = 2.0 75,Eps = 3.0,Eps = 3.0 25,Eps = 3.0 75,Eps = 4.0,Eps = 4.0 25,Eps = 4.0 75,Eps = 5.0,Eps = 5.0 25,Eps = 5.0 75,Original Features
5,0.9990543735224586,0.9843971631205674,0.023167848699763516,0.007092198581560294,0.9891252955082742,0.004728132387706863,0.004728132387706863,0.9938534278959811,0.004255319148936176,0.0014184397163120588,0.9947990543735225,0.0023640661938534313,0.0014184397163120588,0.9962174940898345,0.0009456264775413725,0.00047281323877068626,0.9995271867612293
10,0.9990543735224586,0.6775413711583924,0.11583924349881791,0.05059101654846343,0.8539007092198582,0.07754137115839244,0.04633569739952714,0.9290780141843972,0.03829787234042559,0.01749408983451539,0.9626477541371158,0.03498817966903067,0.011820330969267157,0.9706855791962175,0.005673758865248235,0.00756501182033098,0.9995271867612293
15,0.9995271867612293,0.607565011820331,0.08841607565011822,0.047281323877068515,0.7191489361702128,0.11442080378250596,0.03687943262411342,0.7673758865248227,0.04255319148936165,0.044917257683215084,0.8524822695035461,0.05390070921985812,0.04160756501182028,0.8945626477541371,0.03546099290780136,0.03640661938534284,0.9995271867612293
20,0.9995271867612293,0.566903073286052,0.13758865248226954,0.08699763593380605,0.592434988179669,0.1011820330969267,0.05200945626477549,0.6907801418439716,0.04633569739952714,0.030732860520094607,0.7465721040189125,0.03026004728132381,0.0789598108747045,0.8226950354609929,0.045862884160756456,0.041134751773049705,0.9995271867612293
25,1.0,0.5498817966903073,0.06855791962174945,0.10827423167848693,0.5905437352245863,0.12340425531914889,0.03829787234042559,0.6652482269503546,0.08510638297872342,0.043498817966903136,0.6950354609929078,0.032151300236406666,0.0444444444444444,0.7862884160756501,0.08179669030732861,0.034515366430259986,0.9995271867612293
