Epsilon,AdaBoost,AdaBoost 25,AdaBoost 75,AdaBoost - Numerical Correction,AdaBoost - Numerical Correction 25,AdaBoost - Numerical Correction 75
8.0,0.84375,0.0,0.014062499999999869,0.84375,0.0,0.10078124999999993
12.0,0.84375,0.0,0.005468749999999978,0.84375,0.0,0.0
16.0,0.85,0.006249999999999956,0.0,0.84375,0.0,0.0
20.0,0.8484375,0.004687499999999869,0.10468750000000009,0.9781249999999999,0.0,0.0
24.0,0.853125,0.00546875000000011,0.09999999999999996,0.9781249999999999,0.13125,0.002343750000000066
