Epsilon,AdaBoost,AdaBoost 25,AdaBoost 75,AdaBoost - Numerical Correction,AdaBoost - Numerical Correction 25,AdaBoost - Numerical Correction 75
10.0,0.877742946708464,0.003134796238244518,0.06896551724137939,0.9843260188087775,0.02821316614420053,0.0
20.0,0.9467084639498433,0.0,0.0,0.9561128526645769,0.0,0.02821316614420053
30.0,0.9467084639498433,0.0,0.006269592476489036,0.9467084639498433,0.0,0.0
40.0,0.9529780564263324,0.006269592476489036,0.01567398119122259,0.9467084639498433,0.0,0.021943573667711623
50.0,0.9529780564263324,0.006269592476489036,0.01567398119122259,0.9843260188087775,0.03761755485893409,0.0
