Epsilon,AdaBoost,AdaBoost 25,AdaBoost 75,AdaBoost - Numerical Correction,AdaBoost - Numerical Correction 25,AdaBoost - Numerical Correction 75
5.0,0.8006134969325154,0.0,0.0,0.8680981595092024,0.06748466257668703,0.09815950920245395
10.0,0.8021472392638037,0.0015337423312883007,0.0015337423312883007,0.9355828220858896,0.10122699386503055,0.023006134969325156
15.0,0.920245398773006,0.0,0.0,0.950920245398773,0.015337423312883394,0.015337423312883394
20.0,0.920245398773006,0.0,0.0,0.950920245398773,0.015337423312883394,0.015337423312883394
25.0,0.920245398773006,0.0,0.0,0.9662576687116563,0.16564417177914098,0.0
