Epsilon,AdaBoost,AdaBoost 25,AdaBoost 75,AdaBoost - Numerical Correction,AdaBoost - Numerical Correction 25,AdaBoost - Numerical Correction 75
5.0,0.8386627906976744,0.004360465116279018,0.001453488372093049,0.8372093023255813,0.0,0.09883720930232565
10.0,0.8372093023255813,0.0,0.08430232558139542,0.9738372093023256,0.03779069767441863,0.0
15.0,0.9215116279069768,0.06104651162790702,0.0,0.936046511627907,0.09883720930232565,0.0
20.0,0.9215116279069768,0.0,0.0,0.936046511627907,0.0,0.0
25.0,0.9215116279069768,0.0,0.0,0.9738372093023256,0.03779069767441863,0.0
