Dimension,PCA,Eps = 1.0,Eps = 1.0 25,Eps = 1.0 75,Eps = 2.0,Eps = 2.0 25,Eps = 2.0 75,Eps = 3.0,Eps = 3.0 25,Eps = 3.0 75,Eps = 4.0,Eps = 4.0 25,Eps = 4.0 75,Eps = 5.0,Eps = 5.0 25,Eps = 5.0 75,Original Features
10,0.9990543735224586,0.5366430260047281,0.0,0.0,0.5366430260047281,0.0,0.0,0.5366430260047281,0.0,0.0,0.5366430260047281,0.0,0.0,0.5366430260047281,0.0,0.0,0.9995271867612293
20,0.9995271867612293,0.5366430260047281,0.0,0.0,0.5366430260047281,0.0,0.0,0.5366430260047281,0.0,0.0,0.5366430260047281,0.0,0.0,0.5366430260047281,0.0,0.0,0.9995271867612293
30,0.9995271867612293,0.5366430260047281,0.0,0.0,0.5366430260047281,0.0,0.0,0.5366430260047281,0.0,0.0,0.5366430260047281,0.0,0.0,0.5366430260047281,0.0,0.0,0.9995271867612293
40,1.0,0.5366430260047281,0.0,0.0,0.5366430260047281,0.0,0.0,0.5366430260047281,0.0,0.0,0.5366430260047281,0.0,0.0,0.5366430260047281,0.0,0.0,0.9995271867612293
50,0.9995271867612293,0.5366430260047281,0.0,0.0,0.5366430260047281,0.0,0.0,0.5366430260047281,0.0,0.0,0.5366430260047281,0.0,0.0,0.5366430260047281,0.0,0.0,0.9995271867612293
