Dimension,RFF Real,RFF Real 25,RFF Real 75,Eps = 1.0,Eps = 1.0 25,Eps = 1.0 75,Eps = 2.0,Eps = 2.0 25,Eps = 2.0 75,Eps = 3.0,Eps = 3.0 25,Eps = 3.0 75,Eps = 4.0,Eps = 4.0 25,Eps = 4.0 75,Eps = 5.0,Eps = 5.0 25,Eps = 5.0 75,Original Features
10,0.9773049645390071,0.008983451536643039,0.00378250591016549,0.6368794326241135,0.03687943262411353,0.05342789598108744,0.6997635933806147,0.060047281323877044,0.0822695035460993,0.7881796690307329,0.04586288416075657,0.06288416075650116,0.8113475177304964,0.03498817966903067,0.05295508274231686,0.8416075650118203,0.06997635933806146,0.029787234042553234,0.9995271867612293
20,0.9929078014184397,0.0023640661938534313,0.0014184397163120588,0.5891252955082742,0.08274231678486998,0.07943262411347518,0.6652482269503546,0.049645390070921946,0.06430260047281333,0.7418439716312056,0.056264775413711554,0.07281323877068557,0.7371158392434988,0.054846335697399495,0.04160756501182039,0.8099290780141843,0.031205673758865182,0.050118203309692744,0.9995271867612293
30,0.9966903073286052,0.0014184397163120588,0.00047281323877068626,0.5891252955082742,0.03498817966903067,0.06619385342789597,0.6132387706855792,0.07801418439716312,0.08699763593380616,0.6808510638297872,0.06288416075650116,0.06903073286052008,0.7172576832151301,0.0515366430260048,0.05295508274231675,0.75177304964539,0.029787234042553123,0.047281323877068626,0.9995271867612293
40,0.9976359338061466,0.00047281323877068626,0.0009456264775413725,0.5858156028368794,0.12765957446808507,0.07612293144208038,0.6222222222222222,0.047281323877068515,0.02033096926713951,0.6836879432624113,0.10118203309692675,0.05295508274231675,0.7451536643026004,0.09030732860520096,0.05721040189125304,0.7635933806146572,0.028368794326241176,0.05579196217494087,0.9995271867612293
50,0.9981087470449173,0.00047281323877068626,0.00047281323877068626,0.5583924349881797,0.047281323877068626,0.043498817966903025,0.6104018912529551,0.03924349881796685,0.0581560283687943,0.6539007092198581,0.0888888888888888,0.07281323877068568,0.7040189125295508,0.06666666666666665,0.054846335697399495,0.7205673758865249,0.08510638297872342,0.07044917257683214,0.9995271867612293
