Dimension,PCA,Eps = 1.0,Eps = 1.0 25,Eps = 1.0 75,Eps = 2.0,Eps = 2.0 25,Eps = 2.0 75,Eps = 3.0,Eps = 3.0 25,Eps = 3.0 75,Eps = 4.0,Eps = 4.0 25,Eps = 4.0 75,Eps = 5.0,Eps = 5.0 25,Eps = 5.0 75,Original Features
10,0.9644927536231884,0.7057971014492753,0.14057971014492754,0.005797101449275366,0.6985507246376812,0.1811594202898551,0.01304347826086949,0.6992753623188406,0.08115942028985512,0.010869565217391353,0.7115942028985507,0.0036231884057971175,0.0,0.7115942028985507,0.0028985507246376274,0.0014492753623188692,0.9869565217391304
20,0.9920289855072464,0.7101449275362319,0.3985507246376812,0.0014492753623187582,0.6702898550724637,0.3050724637681159,0.04130434782608694,0.6855072463768116,0.18405797101449273,0.02608695652173909,0.6992753623188406,0.05579710144927541,0.01231884057971011,0.7108695652173913,0.04492753623188406,0.0007246376811593791,0.9869565217391304
30,0.9927536231884058,0.29057971014492756,0.002173913043478304,0.4210144927536231,0.6739130434782609,0.3833333333333333,0.03768115942028982,0.4934782608695652,0.1978260869565217,0.18985507246376815,0.6949275362318841,0.25144927536231887,0.01521739130434785,0.6210144927536232,0.1427536231884058,0.07898550724637676,0.9869565217391304
40,0.994927536231884,0.28840579710144926,0.0,0.42318840579710143,0.47391304347826085,0.1789855072463768,0.23768115942028983,0.49927536231884057,0.20942028985507244,0.21231884057971012,0.5014492753623189,0.2130434782608696,0.19637681159420284,0.5971014492753624,0.15217391304347827,0.11304347826086958,0.9869565217391304
50,0.991304347826087,0.7115942028985507,0.1681159420289855,0.0,0.5413043478260869,0.2528985507246377,0.168840579710145,0.31231884057971016,0.023913043478260898,0.3978260869565218,0.39420289855072466,0.1057971014492754,0.31739130434782603,0.48840579710144927,0.2,0.10579710144927534,0.9869565217391304
