Dimension,RFF Real,RFF Real 25,RFF Real 75,Eps = 1.0,Eps = 1.0 25,Eps = 1.0 75,Eps = 3.0,Eps = 3.0 25,Eps = 3.0 75,Eps = 5.0,Eps = 5.0 25,Eps = 5.0 75,Original Features
1,0.7313402889245586,0.0399277688603531,0.05557784911717489,0.5644060995184591,0.0164526484751204,0.010634028892455794,0.6486757624398074,0.0232744783306581,0.043138041733547294,0.6845906902086677,0.019462279293739893,0.04253611556982351,1.0
