Dimension,RFF Real,RFF Real 25,RFF Real 75,Eps = 1.0,Eps = 1.0 25,Eps = 1.0 75,Eps = 3.0,Eps = 3.0 25,Eps = 3.0 75,Eps = 5.0,Eps = 5.0 25,Eps = 5.0 75,Original Features
1,0.6753161222339304,0.03556375131717593,0.07257639620653322,0.6339567966280295,0.05558482613277138,0.0700737618545838,0.6541095890410958,0.04373024236037926,0.06941517386722873,0.6749209694415174,0.05031612223393045,0.05545310853530039,1.0
