Dimension,PCA,Eps = 1.0,Eps = 1.0 25,Eps = 1.0 75,Eps = 2.0,Eps = 2.0 25,Eps = 2.0 75,Eps = 3.0,Eps = 3.0 25,Eps = 3.0 75,Eps = 4.0,Eps = 4.0 25,Eps = 4.0 75,Eps = 5.0,Eps = 5.0 25,Eps = 5.0 75,Original Features
5,1.0,0.5441860465116279,0.16389811738648952,0.09302325581395343,0.6830564784053156,0.13665559246954595,0.05448504983388702,0.7129568106312293,0.0795127353266889,0.05802879291251384,0.7450719822812846,0.04318936877076407,0.024806201550387597,0.764562569213732,0.029900332225913595,0.019712070874861598,1.0
10,1.0,0.5191583610188262,0.26998892580287936,0.2070874861572536,0.568327796234773,0.11384274640088599,0.15703211517165006,0.7362126245847176,0.15570321151716504,0.03565891472868221,0.7200442967884828,0.07198228128460682,0.051827242524916994,0.7271317829457364,0.06710963455149499,0.03145071982281289,1.0
15,1.0,0.7074197120708748,0.28859357696566995,0.06334440753045412,0.7036544850498339,0.21151716500553708,0.0671096345514951,0.7351052048726467,0.14529346622369876,0.03565891472868221,0.7676633444075305,0.05337763012181618,0.0055370985603543366,0.7242524916943521,0.039645625692137254,0.04496124031007753,1.0
20,1.0,0.7464008859357697,0.2755260243632337,0.02436323366555926,0.6407530454042082,0.31827242524916943,0.09811738648947954,0.7373200442967884,0.1063122923588039,0.029900332225913706,0.751937984496124,0.0823920265780731,0.019933554817275767,0.7286821705426356,0.06024363233665553,0.042081949058693335,1.0
25,1.0,0.5581395348837209,0.3289036544850498,0.21262458471760803,0.5782945736434109,0.21926910299003322,0.187375415282392,0.7612403100775194,0.19689922480620148,0.00974529346622377,0.6194905869324474,0.06932447397563679,0.1508305647840531,0.7630121816168328,0.24230343300110746,0.007751937984496138,1.0
