Dimension,PCA,Eps = 1.0,Eps = 1.0 25,Eps = 1.0 75,Eps = 2.0,Eps = 2.0 25,Eps = 2.0 75,Eps = 3.0,Eps = 3.0 25,Eps = 3.0 75,Eps = 4.0,Eps = 4.0 25,Eps = 4.0 75,Eps = 5.0,Eps = 5.0 25,Eps = 5.0 75,Original Features
5,1.0,0.8128052805280528,0.2067326732673267,0.12567656765676571,0.9213201320132013,0.01848184818481846,0.021122112211221178,0.9380858085808581,0.028778877887788767,0.008448844884488382,0.9592079207920792,0.020198019801980216,0.012673267326732685,0.9633003300330033,0.011353135313531326,0.00884488448844889,1.0
10,1.0,0.5457425742574258,0.0,0.0,0.8142574257425742,0.10640264026402635,0.05610561056105612,0.8868646864686469,0.024554455445544576,0.03432343234323432,0.8821122112211222,0.03392739273927392,0.020066006600660047,0.8675907590759075,0.0316831683168316,0.03854785478547862,1.0
15,1.0,0.5457425742574258,0.0,0.0,0.5520792079207921,0.005808580858085888,0.2143894389438944,0.786006600660066,0.0726072607260726,0.06283828382838286,0.8454125412541255,0.02627062706270633,0.024686468646864634,0.841980198019802,0.0252145214521452,0.041056105610561056,1.0
20,1.0,0.5457425742574258,0.0,0.0,0.5457425742574258,0.0,0.05227722772277221,0.7598679867986798,0.10785478547854788,0.06257425742574263,0.8390759075907591,0.03300330033003307,0.03181518151815177,0.8532013201320132,0.023894389438943953,0.020462046204620443,1.0
25,1.0,0.5457425742574258,0.0,0.0,0.5457425742574258,0.0,0.10983498349834975,0.744950495049505,0.10706270627062708,0.10917491749174923,0.8163696369636964,0.11762376237623762,0.0691749174917492,0.8475247524752475,0.027062706270627013,0.016105610561056083,1.0
