Dimension,RFF Real,RFF Real 25,RFF Real 75,Eps = 1.0,Eps = 1.0 25,Eps = 1.0 75,Eps = 3.0,Eps = 3.0 25,Eps = 3.0 75,Eps = 5.0,Eps = 5.0 25,Eps = 5.0 75,Original Features
1,0.6520885164331544,0.0345685478591069,0.05263847060364024,0.6200078564881498,0.0332591331674742,0.06979180306403032,0.6454105015058269,0.027628649993452936,0.04334162629304705,0.6414822574309283,0.02356946444939112,0.051721880319497204,1.0
