Dimension,RFF Real,RFF Real 25,RFF Real 75,Eps = 1.0,Eps = 1.0 25,Eps = 1.0 75,Eps = 3.0,Eps = 3.0 25,Eps = 3.0 75,Eps = 5.0,Eps = 5.0 25,Eps = 5.0 75,Original Features
1,0.7674558587479936,0.036115569823435,0.04012841091492769,0.6880016051364366,0.010634028892455905,0.005818619582664497,0.7042536115569823,0.008025682182985494,0.03932584269662931,0.7411717495987159,0.038322632423756,0.016853932584269704,1.0
