Dimension,RFF Real,RFF Real 25,RFF Real 75,Eps = 1.0,Eps = 1.0 25,Eps = 1.0 75,Eps = 3.0,Eps = 3.0 25,Eps = 3.0 75,Eps = 5.0,Eps = 5.0 25,Eps = 5.0 75,Original Features
1,0.7218450479233227,0.04892172523961669,0.06529552715654952,0.6481629392971247,0.010782747603833909,0.029353035143769968,0.6761182108626198,0.01876996805111819,0.023362619808306673,0.6922923322683706,0.04153354632587858,0.04792332268370603,1.0
