Dimension,RFF Real,RFF Real 25,RFF Real 75,Eps = 1.0,Eps = 1.0 25,Eps = 1.0 75,Eps = 3.0,Eps = 3.0 25,Eps = 3.0 75,Eps = 5.0,Eps = 5.0 25,Eps = 5.0 75,Original Features
1,0.757388178913738,0.037939297124600646,0.05571086261980829,0.6998801916932907,0.0,0.0,0.704073482428115,0.004193290734824218,0.044528753993610226,0.7260383386581469,0.025958466453674056,0.05551118210862627,1.0
