Dimension,PCA,Eps = 1.0,Eps = 1.0 25,Eps = 1.0 75,Eps = 2.0,Eps = 2.0 25,Eps = 2.0 75,Eps = 3.0,Eps = 3.0 25,Eps = 3.0 75,Eps = 4.0,Eps = 4.0 25,Eps = 4.0 75,Eps = 5.0,Eps = 5.0 25,Eps = 5.0 75,Original Features
5,1.0,0.58467417538214,0.163716814159292,0.03559935639581657,0.660297666934835,0.04847144006436044,0.04525341914722447,0.6586886564762671,0.05289621882542228,0.040024135156878526,0.667940466613033,0.037811745776347494,0.04183427192276756,0.7039420756234915,0.029364440868865582,0.014078841512469853,1.0
10,1.0,0.5462590506838294,0.21017699115044242,0.14883346741753822,0.5,0.08125502815768304,0.17759452936444087,0.6711584875301689,0.11444086886564764,0.027956556717618652,0.6518503620273531,0.06234915526950924,0.04565567176186647,0.6962992759452936,0.012268704746580816,0.016492357200321828,1.0
15,1.0,0.6574818986323411,0.2614641995172968,0.03660498793242162,0.6526548672566371,0.2403459372485921,0.04304102976669355,0.6582864038616251,0.15305711987127912,0.04183427192276756,0.6743765084473049,0.06033789219629926,0.03117457763475462,0.6735720032180209,0.0663716814159292,0.02292839903459376,1.0
20,1.0,0.6617055510860821,0.20555108608205958,0.0331858407079646,0.5953338696701529,0.1361625100563154,0.06657280772325014,0.5979485116653258,0.16954947707160095,0.09633950120675783,0.6900643604183427,0.050281576830249364,0.005028157683024892,0.6436041834271923,0.08668543845534993,0.049074818986323376,1.0
25,1.0,0.670555108608206,0.23471440064360422,0.02433628318584069,0.6055913113435237,0.1985116653258246,0.08930008045052296,0.584271922767498,0.20414320193081253,0.10820595333869676,0.6908688656476267,0.19207562349155272,0.019911504424778736,0.6773934030571199,0.057320997586484346,0.018302493966210753,1.0
