Dimension,RFF Real,RFF Real 25,RFF Real 75,Eps = 1.0,Eps = 1.0 25,Eps = 1.0 75,Eps = 2.0,Eps = 2.0 25,Eps = 2.0 75,Eps = 3.0,Eps = 3.0 25,Eps = 3.0 75,Eps = 4.0,Eps = 4.0 25,Eps = 4.0 75,Eps = 5.0,Eps = 5.0 25,Eps = 5.0 75,Original Features
5,0.9974918001157631,0.004630522863206643,0.0021223229789696374,0.5126374686475015,0.03916650588462284,0.03897356743198921,0.5554698051321628,0.021030291337063467,0.043797028747829425,0.6322593092803396,0.034343044568782566,0.03279953694771365,0.6855103222072159,0.022187922052865128,0.04244645957939419,0.7312367354813815,0.024696121937102133,0.043797028747829425,1.0
10,1.0,0.0,0.0,0.5103222072158982,0.061547366390121594,0.03897356743198921,0.5294231140266255,0.04669110553733352,0.05305807447424282,0.5635732201427744,0.04688404398996715,0.05132162840054022,0.6164383561643836,0.04726992089523441,0.03222072158981282,0.6442214933436233,0.0273972602739726,0.07119428902180214,1.0
15,1.0,0.0,0.0,0.5631873432375072,0.0638626278217248,0.07524599652710795,0.5610650202585376,0.07408836581130623,0.07022959675863394,0.5901987266062126,0.027011383368705455,0.06424850472699206,0.5838317576693035,0.05633802816901412,0.058846228053251015,0.6212618174802238,0.06830021223229787,0.052672197568975454,1.0
20,1.0,0.0,0.0,0.5043411151842562,0.0991703646536754,0.07080841211653488,0.5824811885008683,0.08045533474821542,0.06251205865328957,0.49469419255257574,0.0273972602739726,0.04283233648466134,0.6174030484275516,0.06714258151649621,0.03723712135828672,0.6106502025853753,0.10360794906424853,0.05112868994790665,1.0
25,1.0,0.0,0.0,0.4360409029519583,0.031063090874011157,0.16824233069650785,0.5408064827320085,0.11557013312753234,0.04418290565309668,0.515338606984372,0.04862049006366964,0.11364074860119622,0.5404206058267412,0.06733551996912979,0.03955238278989004,0.5956010032799537,0.09878448774840826,0.057109781979548524,1.0
