Dimension,RFF Real,RFF Real 25,RFF Real 75,Eps = 1.0,Eps = 1.0 25,Eps = 1.0 75,Eps = 2.0,Eps = 2.0 25,Eps = 2.0 75,Eps = 3.0,Eps = 3.0 25,Eps = 3.0 75,Eps = 4.0,Eps = 4.0 25,Eps = 4.0 75,Eps = 5.0,Eps = 5.0 25,Eps = 5.0 75,Original Features
5,0.9457842948099556,0.07215898128497011,0.046498167084700004,0.7021030291337064,0.062319120200656,0.024117306579201192,0.7256415203550067,0.014663322400154333,0.016013891568589678,0.7586339957553541,0.03183484468454567,0.025467875747636537,0.7675091645765001,0.03279953694771365,0.05190044375844105,0.8018522091452827,0.04784873625313524,0.02778313717923986,1.0
10,0.9982635539262975,0.008103415010611625,0.001543507621068918,0.6583060003858769,0.05054987459000582,0.048813428516303214,0.7198533667759984,0.017943276094925742,0.02681844491607177,0.7545822882500482,0.01389156858961993,0.01562801466332242,0.7671232876712328,0.015820953115955994,0.004823461315840327,0.7810148562608528,0.040517075053058016,0.047076982442600834,1.0
15,0.9998070615473664,0.0009646922631680876,0.0,0.6556048620490064,0.2554505112868995,0.04109589041095896,0.7003665830600039,0.013505691684352672,0.03357129075824805,0.7451283040710014,0.03357129075824816,0.04688404398996715,0.7677021030291337,0.03588655218985137,0.022187922052865128,0.769052672197569,0.03607949064248506,0.06463438163225932,1.0
20,0.9998070615473664,0.00019293845263368414,0.00019293845263357312,0.6588848157437778,0.22843912791819415,0.0522863206637082,0.663708277059618,0.06772139687439704,0.04341115184256217,0.7163804746285934,0.024310245031834765,0.01504919930542159,0.7310437970287478,0.02295967586339953,0.017943276094925742,0.7943276094925719,0.034921859926683396,0.0497781207794713,1.0
25,1.0,0.00019293845263357312,0.0,0.5406135442793749,0.10688790275901988,0.10109974918001152,0.6338028169014085,0.1337063476750917,0.08142002701138329,0.6899479066177889,0.0955045340536369,0.048813428516303325,0.738375458228825,0.018522091452826572,0.04398996720046311,0.7729114412502411,0.04225352112676051,0.02797607563187343,1.0
