Dimension,PCA,Eps = 1.0,Eps = 1.0 25,Eps = 1.0 75,Eps = 2.0,Eps = 2.0 25,Eps = 2.0 75,Eps = 3.0,Eps = 3.0 25,Eps = 3.0 75,Eps = 4.0,Eps = 4.0 25,Eps = 4.0 75,Eps = 5.0,Eps = 5.0 25,Eps = 5.0 75,Original Features
5,0.9997389033942559,0.6711488250652742,0.11919060052219321,0.17362924281984327,0.9190600522193212,0.02872062663185382,0.019060052219321055,0.9345953002610966,0.008355091383811963,0.024543080939947726,0.9490861618798956,0.012924281984334263,0.013315926892950358,0.9652741514360313,0.006005221932114946,0.008485639686684032,0.9997389033942559
10,0.9997389033942559,0.551958224543081,0.0,0.00874673629242817,0.6349869451697128,0.0830287206266318,0.24608355091383816,0.910443864229765,0.041122715404699695,0.025456919060052208,0.908355091383812,0.020365535248041744,0.021671018276762433,0.9231070496083551,0.015013054830287254,0.024412532637075657,0.9997389033942559
15,0.9997389033942559,0.551958224543081,0.0,0.0,0.551958224543081,0.0,0.024281984334203588,0.6546997389033943,0.09451697127937342,0.11932114882506528,0.8744125326370757,0.036684073107049686,0.037728459530026126,0.9044386422976501,0.016971279373368175,0.02950391644908612,0.9997389033942559
20,1.0,0.551958224543081,0.0,0.0,0.551958224543081,0.0,0.0,0.556266318537859,0.0043080939947780506,0.04412532637075717,0.6646214099216711,0.09438642297650135,0.20378590078328973,0.8548302872062663,0.043342036553524754,0.029373368146214163,0.9997389033942559
25,1.0,0.551958224543081,0.0,0.0,0.551958224543081,0.0,0.0,0.551958224543081,0.0,0.05587467362924281,0.6186684073107049,0.06671018276762397,0.12467362924281988,0.7698433420365536,0.2178851174934726,0.07297650130548294,0.9997389033942559
