Dimension,PCA,Eps = 1.0,Eps = 1.0 25,Eps = 1.0 75,Eps = 2.0,Eps = 2.0 25,Eps = 2.0 75,Eps = 3.0,Eps = 3.0 25,Eps = 3.0 75,Eps = 4.0,Eps = 4.0 25,Eps = 4.0 75,Eps = 5.0,Eps = 5.0 25,Eps = 5.0 75,Original Features
5,1.0,0.6984031936127745,0.07185628742514971,0.0027944111776446734,0.6986027944111777,0.04630738522954092,0.024950099800399195,0.7075848303393214,0.057485029940119836,0.03053892215568854,0.7079840319361277,0.021357285429141615,0.038722554890219585,0.7357285429141717,0.03792415169660679,0.015768463073852268,1.0
10,1.0,0.6984031936127745,0.004990019960079861,0.026347305389221587,0.6982035928143713,0.08223552894211583,0.036726546906187596,0.6984031936127745,0.03972055888223558,0.01896207584830334,0.7007984031936128,0.09321357285429144,0.012574850299401197,0.7099800399201597,0.04930139720558879,0.03812375249500999,1.0
15,1.0,0.6984031936127745,0.0,0.0,0.6984031936127745,0.0,0.008183632734530932,0.7027944111776447,0.0043912175648702645,0.023353293413173604,0.7021956087824351,0.015568862275449069,0.0119760479041916,0.6922155688622754,0.22654690618762474,0.040319361277445176,1.0
20,1.0,0.6984031936127745,0.0,0.0,0.6984031936127745,0.016566866267465064,0.0009980039920159944,0.6984031936127745,0.3924151696606787,0.028343313373253465,0.6900199600798403,0.054091816367265455,0.023153692614770405,0.6984031936127745,0.18642714570858288,0.019161676646706538,1.0
25,1.0,0.6984031936127745,0.07524950099800398,0.0,0.6984031936127745,0.031936127744511045,0.0,0.6984031936127745,0.11536926147704596,0.0023952095808382756,0.7017964071856287,0.018163672654690655,0.01876247504990025,0.6984031936127745,0.07005988023952103,0.008782435129740529,1.0
