Dimension,PCA,Eps = 1.0,Eps = 1.0 25,Eps = 1.0 75,Eps = 3.0,Eps = 3.0 25,Eps = 3.0 75,Eps = 5.0,Eps = 5.0 25,Eps = 5.0 75,Original Features
1,0.9212685739631847,0.7744510978043913,0.0,0.0,0.7744510978043913,0.0,0.0,0.7744510978043913,0.0,0.0,1.0
5,1.0,0.7744510978043913,0.0,0.0,0.7744510978043913,0.0,0.0,0.7744510978043913,0.0,0.0,1.0
10,0.9997782213351075,0.7744510978043913,0.0,0.0,0.7744510978043913,0.0,0.0,0.7744510978043913,0.0,0.0,1.0
15,1.0,0.7744510978043913,0.0,0.0,0.7744510978043913,0.0,0.0,0.7744510978043913,0.0,0.0,1.0
20,1.0,0.7744510978043913,0.0,0.0,0.7744510978043913,0.0,0.0,0.7744510978043913,0.0,0.0,1.0
25,1.0,0.7744510978043913,0.0,0.0,0.7744510978043913,0.0,0.0,0.7744510978043913,0.0,0.0,1.0
