Dimension,PCA,Eps = 1.0,Eps = 1.0 25,Eps = 1.0 75,Eps = 2.0,Eps = 2.0 25,Eps = 2.0 75,Eps = 3.0,Eps = 3.0 25,Eps = 3.0 75,Eps = 4.0,Eps = 4.0 25,Eps = 4.0 75,Eps = 5.0,Eps = 5.0 25,Eps = 5.0 75,Original Features
5,0.9995570321151717,0.770764119601329,0.0,0.0,0.770764119601329,0.0,0.0,0.770764119601329,0.0,0.0,0.770764119601329,0.0,0.0,0.770764119601329,0.0,0.0,1.0
10,0.9995570321151717,0.770764119601329,0.0,0.0,0.770764119601329,0.0,0.0,0.770764119601329,0.0,0.0,0.770764119601329,0.0,0.0,0.770764119601329,0.0,0.0,1.0
15,1.0,0.770764119601329,0.5415282392026579,0.0,0.770764119601329,0.0,0.0,0.770764119601329,0.0,0.0,0.770764119601329,0.0,0.0,0.770764119601329,0.0,0.0,1.0
20,0.9997785160575858,0.770764119601329,0.5415282392026579,0.0,0.770764119601329,0.0,0.0,0.770764119601329,0.0,0.0,0.770764119601329,0.0,0.0,0.770764119601329,0.0,0.0,1.0
25,0.9997785160575858,0.770764119601329,0.5415282392026579,0.0,0.770764119601329,0.5415282392026579,0.0,0.770764119601329,0.04252491694352167,0.0,0.770764119601329,0.0,0.0,0.770764119601329,0.0,0.0,1.0
