Dimension,PCA,Eps = 1.0,Eps = 1.0 25,Eps = 1.0 75,Eps = 2.0,Eps = 2.0 25,Eps = 2.0 75,Eps = 3.0,Eps = 3.0 25,Eps = 3.0 75,Eps = 4.0,Eps = 4.0 25,Eps = 4.0 75,Eps = 5.0,Eps = 5.0 25,Eps = 5.0 75,Original Features
5,1.0,0.6948913917940467,0.0,0.0,0.6948913917940467,0.0,0.0,0.6948913917940467,0.0,0.0,0.6948913917940467,0.0,0.0,0.6948913917940467,0.0,0.0012067578439259874,1.0
10,0.9997988736926791,0.6948913917940467,0.0,0.0,0.6948913917940467,0.0,0.0,0.6948913917940467,0.0,0.0,0.6948913917940467,0.0,0.0,0.6948913917940467,0.0,0.0,1.0
15,1.0,0.6948913917940467,0.0,0.0,0.6948913917940467,0.0,0.0,0.6948913917940467,0.0,0.0,0.6948913917940467,0.0,0.0,0.6948913917940467,0.0,0.0,1.0
20,1.0,0.6538616251005631,0.3487530168946098,0.04102976669348357,0.6948913917940467,0.33266291230893,0.0,0.6948913917940467,0.0,0.0,0.6948913917940467,0.0,0.0,0.6948913917940467,0.0,0.0,1.0
25,1.0,0.6948913917940467,0.3897827835880934,0.0,0.6948913917940467,0.19127111826226872,0.0,0.6948913917940467,0.0,0.0,0.6948913917940467,0.0,0.0,0.6948913917940467,0.0,0.0,1.0
