Dimension,RFF Real,RFF Real 25,RFF Real 75,Eps = 1.0,Eps = 1.0 25,Eps = 1.0 75,Eps = 3.0,Eps = 3.0 25,Eps = 3.0 75,Eps = 5.0,Eps = 5.0 25,Eps = 5.0 75,Original Features
1,0.5989262799528611,0.01741521539871682,0.05879271965431454,0.5394788529527301,0.014010737200471413,0.036401728427392976,0.581380123084981,0.025533586486840343,0.05028152415870113,0.5885819038889616,0.02370040591855438,0.05316223648029339,1.0
