Dimension,JL,JL 25,JL 75,Eps = 1.0,Eps = 1.0 25,Eps = 1.0 75,Eps = 2.0,Eps = 2.0 25,Eps = 2.0 75,Eps = 3.0,Eps = 3.0 25,Eps = 3.0 75,Eps = 4.0,Eps = 4.0 25,Eps = 4.0 75,Eps = 5.0,Eps = 5.0 25,Eps = 5.0 75,Original Features
5,0.9994674477433099,0.0018639328984156878,0.0003994141925175443,0.5366795366795367,0.0,0.0,0.5366795366795367,0.0,0.0,0.5366795366795367,0.0,0.0018639328984155767,0.5366795366795367,0.0,0.013446944481427248,0.5373452270003994,0.0006656903208627218,0.025429370256956463,1.0
10,0.9998668619358274,0.00013313806417247775,0.00013313806417258878,0.5366795366795367,0.0,0.0,0.5366795366795367,0.0,0.0,0.5366795366795367,0.0,0.0,0.5366795366795367,0.0,0.0,0.5366795366795367,0.0,0.0,1.0
15,1.0,0.0,0.0,0.5366795366795367,0.0,0.0,0.5366795366795367,0.0,0.0,0.5366795366795367,0.0,0.0,0.5366795366795367,0.0,0.0,0.5366795366795367,0.0,0.0,1.0
20,1.0,0.0,0.0,0.5366795366795367,0.0,0.0,0.5366795366795367,0.0,0.0,0.5366795366795367,0.0,0.0,0.5366795366795367,0.0,0.0,0.5366795366795367,0.0,0.0,1.0
25,1.0,0.0,0.0,0.5366795366795367,0.0,0.0,0.5366795366795367,0.0,0.0,0.5366795366795367,0.0,0.0,0.5366795366795367,0.0,0.0,0.5366795366795367,0.0,0.0,1.0
