Dimension,RFF Real,RFF Real 25,RFF Real 75,Eps = 1.0,Eps = 1.0 25,Eps = 1.0 75,Eps = 3.0,Eps = 3.0 25,Eps = 3.0 75,Eps = 5.0,Eps = 5.0 25,Eps = 5.0 75,Original Features
1,0.7678571428571429,0.03731942215088291,0.03551364365971099,0.6956260032102729,0.0,0.0,0.6956260032102729,0.0,0.0543739967897271,0.7419743178170144,0.04634831460674149,0.012841091492776902,1.0
