Dimension,RFF Real,RFF Real 25,RFF Real 75,Eps = 1.0,Eps = 1.0 25,Eps = 1.0 75,Eps = 3.0,Eps = 3.0 25,Eps = 3.0 75,Eps = 5.0,Eps = 5.0 25,Eps = 5.0 75,Original Features
1,0.7617811501597445,0.03953674121405759,0.05051916932907341,0.6998801916932907,0.0,0.0,0.6998801916932907,0.0,0.038937699680511195,0.729632587859425,0.029752396166134232,0.055511182108626156,1.0
