Dimension,PCA,Eps = 1.0,Eps = 1.0 25,Eps = 1.0 75,Eps = 2.0,Eps = 2.0 25,Eps = 2.0 75,Eps = 3.0,Eps = 3.0 25,Eps = 3.0 75,Eps = 4.0,Eps = 4.0 25,Eps = 4.0 75,Eps = 5.0,Eps = 5.0 25,Eps = 5.0 75,Original Features
5,1.0,0.6717338620841595,0.3639568186825292,0.11610486891385763,0.6082837629433796,0.08856576338400524,0.057061026657854175,0.5880149812734082,0.0964970257766028,0.12535800837188804,0.6622604097818903,0.04450319453624141,0.05882352941176472,0.6783432474113241,0.05221414408460012,0.05463758537122709,1.0
10,1.0,0.49460233531614894,0.24498788279356687,0.2654769773077771,0.5783212161269002,0.1700815157523684,0.15554086803260625,0.5353602115003304,0.22317691121392375,0.23331130204890949,0.5386649041639128,0.03348755232430056,0.22361753690240138,0.6393478739810531,0.19145186164353378,0.10817360652126018,1.0
15,1.0,0.46728354263053534,0.24366600572813393,0.3055739149592422,0.6133509583608724,0.260630094734523,0.1542189909671734,0.5792024675038555,0.13262833223176917,0.13901740471469481,0.5113461114782992,0.1910112359550562,0.1379158404935007,0.5342586472791364,0.15774399647499454,0.21105970478078873,1.0
20,1.0,0.3573474333553646,0.1337298964529632,0.419035029742234,0.548138356466182,0.31989424983476544,0.2390394359991187,0.545714915179555,0.2247191011235955,0.08482044503194541,0.4796210619079092,0.14364397444371002,0.30359109936109274,0.5869134170522141,0.3011676580744657,0.211940956157744,1.0
25,1.0,0.23287067636043182,0.009253139458030413,0.5435117867371668,0.3707865168539326,0.15730337078651688,0.41352720863626347,0.619960343688037,0.26305353602115,0.16677682308878605,0.6032165675258867,0.33641771315267677,0.19651905706102668,0.5840493500771095,0.3474333553646177,0.20290812954395243,1.0
