Dimension,RFF Real,RFF Real 25,RFF Real 75,Eps = 1.0,Eps = 1.0 25,Eps = 1.0 75,Eps = 2.0,Eps = 2.0 25,Eps = 2.0 75,Eps = 3.0,Eps = 3.0 25,Eps = 3.0 75,Eps = 4.0,Eps = 4.0 25,Eps = 4.0 75,Eps = 5.0,Eps = 5.0 25,Eps = 5.0 75,Original Features
5,0.9977696674776967,0.0016220600162205612,0.0016220600162205612,0.5373073803730738,0.057785888077858893,0.04460665044606649,0.6113138686131386,0.03548256285482554,0.03791565287915655,0.6841038118410381,0.04217356042173559,0.015004055150040552,0.7493917274939172,0.04480940794809407,0.0204785077047851,0.7763584752635847,0.026561232765612286,0.03223844282238453,1.0
10,1.0,0.00020275750202758402,0.0,0.5403487429034874,0.07481751824817517,0.049067315490673113,0.6038118410381184,0.09651257096512567,0.03081914030819144,0.6697080291970803,0.055758313057583164,0.03041362530413627,0.7183698296836983,0.032035685320356944,0.02676399026763987,0.7593268450932684,0.029197080291970767,0.022506082725060828,1.0
15,1.0,0.0,0.0,0.5466342254663422,0.07623682076236815,0.07968369829683697,0.5813057583130575,0.08860502838605022,0.04115977291159778,0.6242903487429035,0.06832927818329271,0.04278183292781834,0.6936334144363342,0.04845904298459047,0.04014598540145975,0.731346309813463,0.015409570154095609,0.03649635036496357,1.0
20,1.0,0.0,0.0,0.5462287104622872,0.07319545823195461,0.0636658556366585,0.5667072181670721,0.0721816707218167,0.07278994322789945,0.6161800486618005,0.04115977291159778,0.0612327656123276,0.628345498783455,0.07258718572587186,0.056366585563665805,0.7191808596918086,0.03791565287915655,0.040348742903487445,1.0
25,1.0,0.0,0.0,0.4880373073803731,0.05879967558799676,0.09509326845093269,0.5519059205190592,0.09671532846715325,0.040348742903487445,0.5843471208434712,0.049067315490673113,0.06995133819951338,0.5954987834549879,0.06021897810218979,0.05190592051905918,0.6321978913219789,0.026966747769667454,0.05251419302514193,1.0
