Dimension,PCA,Eps = 1.0,Eps = 1.0 25,Eps = 1.0 75,Eps = 2.0,Eps = 2.0 25,Eps = 2.0 75,Eps = 3.0,Eps = 3.0 25,Eps = 3.0 75,Eps = 4.0,Eps = 4.0 25,Eps = 4.0 75,Eps = 5.0,Eps = 5.0 25,Eps = 5.0 75,Original Features
5,1.0,0.5551325807298504,0.015489629824100848,0.09162509845103695,0.6990023628248884,0.06130217904961932,0.019690207403518012,0.7211866631661854,0.028616434759779485,0.03728012601732733,0.8095300603833027,0.024284589131005507,0.017327382515095913,0.8212129167760567,0.017458650564452616,0.011420320294040498,1.0
10,1.0,0.5497505907062221,0.024284589131005507,0.1878445786295615,0.6525334733525859,0.0760042005775794,0.08834339721711737,0.7335258598057233,0.09976371751115776,0.02914150695720663,0.7750065634024679,0.05683906537148864,0.05316355998949851,0.8235757416644789,0.049881858755578934,0.02572853767393013,1.0
15,0.9998687319506432,0.5328170123391966,0.05841428196377002,0.029404043055920148,0.5355736413756892,0.014308217379889743,0.08611184037805197,0.6371751115778419,0.09018114990811232,0.10396429509057503,0.6861380939879234,0.030191651352060922,0.09293777894460487,0.7859018114990811,0.0956944079810974,0.05447624048306643,1.0
20,0.9998687319506432,0.535048569178262,0.003281701233919687,0.00406930953006035,0.535048569178262,0.010763980047256538,0.030716723549488067,0.544893672880021,0.007876082961407183,0.06432134418482538,0.6638225255972696,0.10068259385665523,0.07639800472564984,0.7055657652927277,0.05657652927277501,0.05276975584142818,1.0
25,0.9998687319506432,0.535048569178262,0.0,0.0,0.535048569178262,0.0,0.006038330270412118,0.5395116828563927,0.004988185875557827,0.0173273825150958,0.5423995799422421,0.007482278813336851,0.0794171698608559,0.71160409556314,0.14347597794696776,0.07245996324494619,1.0
