Dimension,PCA,Eps = 1.0,Eps = 1.0 25,Eps = 1.0 75,Eps = 2.0,Eps = 2.0 25,Eps = 2.0 75,Eps = 3.0,Eps = 3.0 25,Eps = 3.0 75,Eps = 4.0,Eps = 4.0 25,Eps = 4.0 75,Eps = 5.0,Eps = 5.0 25,Eps = 5.0 75,Original Features
5,1.0,0.5085324232081911,0.07600420057757945,0.08243633499606196,0.6050144394854292,0.09950118141244413,0.07272249934365982,0.6118403780519821,0.06970333420845365,0.03688632186925711,0.6858755578892097,0.04134943554738768,0.05592018902599116,0.6908637437647677,0.03885534260960888,0.037411394066684145,1.0
10,1.0,0.535048569178262,0.0425308479915989,0.00984510370175895,0.509845103701759,0.13048044106064582,0.14137568915725918,0.61315305854555,0.14807035967445525,0.07482278813336829,0.5951693357836703,0.06274612759254394,0.04436860068259385,0.6474140194276713,0.183250196902074,0.05592018902599105,1.0
15,1.0,0.525203465476503,0.05631399317406138,0.018771331058020535,0.4778156996587031,0.01942767130480444,0.02743502231556838,0.6046206353373589,0.23470727224993437,0.1395379364662641,0.5396429509057495,0.07154108689944866,0.1013389341034392,0.5635337358886847,0.10448936728800212,0.11499081123654498,1.0
20,1.0,0.533210816487267,0.06287739564190076,0.0018377526909950648,0.4725649776844316,0.15922814386978212,0.10330795484379096,0.50735101076398,0.059726962457337884,0.08479915988448417,0.4952743502231557,0.08204253084799162,0.05920189025991074,0.5648464163822525,0.08151745865056442,0.11472827513783146,1.0
25,1.0,0.46508269887109477,0.00406930953006035,0.06996587030716728,0.5312417957469152,0.06930953006038332,0.0038067734313468327,0.524022053032292,0.06313993174061439,0.03833027041218162,0.5968758204253085,0.046206353373588915,0.09608821212916774,0.5066946705171961,0.05605145707534781,0.17314255710160154,1.0
