Dimension,PCA,Eps = 1.0,Eps = 1.0 25,Eps = 1.0 75,Eps = 2.0,Eps = 2.0 25,Eps = 2.0 75,Eps = 3.0,Eps = 3.0 25,Eps = 3.0 75,Eps = 4.0,Eps = 4.0 25,Eps = 4.0 75,Eps = 5.0,Eps = 5.0 25,Eps = 5.0 75,Original Features
5,1.0,0.7740871095468543,0.0,0.0,0.7740871095468543,0.0,0.0002199736031676114,0.776066871975363,0.0017597888253410021,0.002199736031676225,0.7782666080070392,0.0026396832380114477,0.004399472063352339,0.7822261328640563,0.003959524857017116,0.006379234491860952,0.9997800263968324
10,1.0,0.7740871095468543,0.0,0.0,0.7740871095468543,0.0,0.0,0.7740871095468543,0.0,0.0,0.7740871095468543,0.0,0.0,0.7740871095468543,0.0,0.0,0.9997800263968324
15,1.0,0.7740871095468543,0.0,0.0,0.7740871095468543,0.0,0.0,0.7740871095468543,0.0,0.0,0.7740871095468543,0.0,0.0,0.7740871095468543,0.0,0.0,0.9997800263968324
20,1.0,0.7740871095468543,0.0,0.0,0.7740871095468543,0.0,0.0,0.7740871095468543,0.0,0.0,0.7740871095468543,0.0,0.0,0.7740871095468543,0.0,0.0,0.9997800263968324
25,1.0,0.7740871095468543,0.0,0.0,0.7740871095468543,0.0,0.0,0.7740871095468543,0.0,0.0,0.7740871095468543,0.0,0.0,0.7740871095468543,0.0,0.0,0.9997800263968324
