Dimension,PCA,Eps = 1.0,Eps = 1.0 25,Eps = 1.0 75,Eps = 2.0,Eps = 2.0 25,Eps = 2.0 75,Eps = 3.0,Eps = 3.0 25,Eps = 3.0 75,Eps = 4.0,Eps = 4.0 25,Eps = 4.0 75,Eps = 5.0,Eps = 5.0 25,Eps = 5.0 75,Original Features
5,0.9997796871557612,0.7763824630975986,0.0,0.0,0.7763824630975986,0.0,0.0,0.7763824630975986,0.0,0.0,0.7763824630975986,0.0,0.0,0.7763824630975986,0.0,0.0,1.0
10,0.9997796871557612,0.7763824630975986,0.0,0.0,0.7763824630975986,0.0,0.0,0.7763824630975986,0.0,0.0,0.7763824630975986,0.0,0.0,0.7763824630975986,0.0,0.0,1.0
15,0.9997796871557612,0.7763824630975986,0.5527649261951972,0.0,0.7763824630975986,0.0,0.0,0.7763824630975986,0.0,0.0,0.7763824630975986,0.0,0.0,0.7763824630975986,0.0,0.0,1.0
20,0.9997796871557612,0.7763824630975986,0.5527649261951972,0.0,0.7763824630975986,0.0,0.0,0.7763824630975986,0.0006609385327165374,0.0,0.7763824630975986,0.0,0.0,0.7763824630975986,0.0,0.0,1.0
25,0.9997796871557612,0.7763824630975986,0.5527649261951972,0.0,0.7763824630975986,0.14122053315708305,0.0,0.7763824630975986,0.00022031284423884578,0.0,0.7763824630975986,0.0,0.0,0.7763824630975986,0.0,0.0,1.0
