Dimension,PCA,Eps = 1.0,Eps = 1.0 25,Eps = 1.0 75,Eps = 2.0,Eps = 2.0 25,Eps = 2.0 75,Eps = 3.0,Eps = 3.0 25,Eps = 3.0 75,Eps = 4.0,Eps = 4.0 25,Eps = 4.0 75,Eps = 5.0,Eps = 5.0 25,Eps = 5.0 75,Original Features
5,0.9998003992015968,0.6984031936127745,0.0,0.0,0.6984031936127745,0.0,0.0,0.6984031936127745,0.0,0.0,0.7011976047904191,0.0021956087824350767,0.001996007984031989,0.7057884231536926,0.001996007984031989,0.004990019960079861,0.9998003992015968
10,0.9998003992015968,0.6984031936127745,0.0,0.0,0.6984031936127745,0.0,0.0,0.6984031936127745,0.0,0.0,0.6984031936127745,0.0,0.0,0.6984031936127745,0.0,0.0,0.9998003992015968
15,0.9998003992015968,0.6984031936127745,0.0,0.0,0.6984031936127745,0.0,0.0,0.6984031936127745,0.0,0.0,0.6984031936127745,0.0,0.0,0.6984031936127745,0.0,0.0,0.9998003992015968
20,0.9994011976047904,0.6984031936127745,0.0,0.0,0.6984031936127745,0.0,0.0,0.6984031936127745,0.0,0.0,0.6984031936127745,0.0,0.0,0.6984031936127745,0.0,0.0,0.9998003992015968
25,0.9998003992015968,0.6984031936127745,0.0,0.0,0.6984031936127745,0.0,0.0,0.6984031936127745,0.0,0.0,0.6984031936127745,0.0,0.0,0.6984031936127745,0.0,0.0,0.9998003992015968
