Dimension,PCA,Eps = 1.0,Eps = 1.0 25,Eps = 1.0 75,Eps = 2.0,Eps = 2.0 25,Eps = 2.0 75,Eps = 3.0,Eps = 3.0 25,Eps = 3.0 75,Eps = 4.0,Eps = 4.0 25,Eps = 4.0 75,Eps = 5.0,Eps = 5.0 25,Eps = 5.0 75,Original Features
5,1.0,0.6120392468841156,0.041235746486343094,0.024529302572262046,0.7033943251127022,0.022673031026252954,0.03049588968443384,0.7714134181914611,0.022805621850967905,0.03394325112702201,0.803765579421904,0.007027313709891181,0.018032352161230447,0.835719968178202,0.0116679925749138,0.007027313709891292,1.0
10,1.0,0.6115088835852559,0.05595332802970032,0.04653937947494036,0.7440997083001857,0.044285335454786634,0.02346857597454255,0.8048263060196235,0.012463537523203394,0.022673031026252954,0.8752320339432511,0.016043489790506515,0.01365685494563773,0.9184566428003182,0.014319809069212486,0.006894722885176341,1.0
15,1.0,0.6079289313179528,0.0355343410236012,0.029302572261999504,0.6568549456377619,0.018032352161230447,0.023070803500397696,0.7468841156191991,0.036462476796605636,0.027313709891275573,0.8069477592150623,0.02320339432511276,0.03659506762132059,0.8737735348713869,0.024131530098117193,0.024131530098117193,1.0
20,1.0,0.5688146380270486,0.046406788650225406,0.02187748607796336,0.6128347918324052,0.04362238133121188,0.02704852824184567,0.6797931583134447,0.05051710421638822,0.02373375762397245,0.7617342879872713,0.017767170511800545,0.019888623707239428,0.8088040307610713,0.007425086184036034,0.024131530098117193,1.0
25,1.0,0.5586051445239989,0.049986740917528416,0.019225669583664895,0.6034208432776452,0.024131530098117193,0.04375497215592672,0.6294086449217714,0.031026252983293534,0.03858392999204452,0.6833731105807478,0.024396711747547095,0.03871652081675947,0.7243436754176611,0.013789445770352682,0.03831874834261473,1.0
